DriverNumber,FullName,Position,TeamName,Year,EventName,RoundNumber
1,Max Verstappen,1.0,Red Bull Racing,2023,Bahrain Grand Prix,1
11,Sergio Perez,2.0,Red Bull Racing,2023,Bahrain Grand Prix,1
14,Fernando Alonso,3.0,Aston Martin,2023,Bahrain Grand Prix,1
55,Carlos Sainz,4.0,Ferrari,2023,Bahrain Grand Prix,1
44,Lewis Hamilton,5.0,Mercedes,2023,Bahrain Grand Prix,1
18,Lance Stroll,6.0,Aston Martin,2023,Bahrain Grand Prix,1
63,George Russell,7.0,Mercedes,2023,Bahrain Grand Prix,1
77,Valtteri Bottas,8.0,Alfa Romeo,2023,Bahrain Grand Prix,1
10,Pierre Gasly,9.0,Alpine,2023,Bahrain Grand Prix,1
23,Alexander Albon,10.0,Williams,2023,Bahrain Grand Prix,1
22,Yuki Tsunoda,11.0,AlphaTauri,2023,Bahrain Grand Prix,1
2,Logan Sargeant,12.0,Williams,2023,Bahrain Grand Prix,1
20,Kevin Magnussen,13.0,Haas F1 Team,2023,Bahrain Grand Prix,1
21,Nyck De Vries,14.0,AlphaTauri,2023,Bahrain Grand Prix,1
27,Nico Hulkenberg,15.0,Haas F1 Team,2023,Bahrain Grand Prix,1
24,Guanyu Zhou,16.0,Alfa Romeo,2023,Bahrain Grand Prix,1
4,Lando Norris,17.0,McLaren,2023,Bahrain Grand Prix,1
31,Esteban Ocon,18.0,Alpine,2023,Bahrain Grand Prix,1
16,Charles Leclerc,19.0,Ferrari,2023,Bahrain Grand Prix,1
81,Oscar Piastri,20.0,McLaren,2023,Bahrain Grand Prix,1
11,Sergio Perez,1.0,Red Bull Racing,2023,Saudi Arabian Grand Prix,2
1,Max Verstappen,2.0,Red Bull Racing,2023,Saudi Arabian Grand Prix,2
14,Fernando Alonso,3.0,Aston Martin,2023,Saudi Arabian Grand Prix,2
63,George Russell,4.0,Mercedes,2023,Saudi Arabian Grand Prix,2
44,Lewis Hamilton,5.0,Mercedes,2023,Saudi Arabian Grand Prix,2
55,Carlos Sainz,6.0,Ferrari,2023,Saudi Arabian Grand Prix,2
16,Charles Leclerc,7.0,Ferrari,2023,Saudi Arabian Grand Prix,2
31,Esteban Ocon,8.0,Alpine,2023,Saudi Arabian Grand Prix,2
10,Pierre Gasly,9.0,Alpine,2023,Saudi Arabian Grand Prix,2
20,Kevin Magnussen,10.0,Haas F1 Team,2023,Saudi Arabian Grand Prix,2
22,Yuki Tsunoda,11.0,AlphaTauri,2023,Saudi Arabian Grand Prix,2
27,Nico Hulkenberg,12.0,Haas F1 Team,2023,Saudi Arabian Grand Prix,2
24,Guanyu Zhou,13.0,Alfa Romeo,2023,Saudi Arabian Grand Prix,2
21,Nyck De Vries,14.0,AlphaTauri,2023,Saudi Arabian Grand Prix,2
81,Oscar Piastri,15.0,McLaren,2023,Saudi Arabian Grand Prix,2
2,Logan Sargeant,16.0,Williams,2023,Saudi Arabian Grand Prix,2
4,Lando Norris,17.0,McLaren,2023,Saudi Arabian Grand Prix,2
77,Valtteri Bottas,18.0,Alfa Romeo,2023,Saudi Arabian Grand Prix,2
23,Alexander Albon,19.0,Williams,2023,Saudi Arabian Grand Prix,2
18,Lance Stroll,20.0,Aston Martin,2023,Saudi Arabian Grand Prix,2
1,Max Verstappen,1.0,Red Bull Racing,2023,Australian Grand Prix,3
44,Lewis Hamilton,2.0,Mercedes,2023,Australian Grand Prix,3
14,Fernando Alonso,3.0,Aston Martin,2023,Australian Grand Prix,3
18,Lance Stroll,4.0,Aston Martin,2023,Australian Grand Prix,3
11,Sergio Perez,5.0,Red Bull Racing,2023,Australian Grand Prix,3
4,Lando Norris,6.0,McLaren,2023,Australian Grand Prix,3
27,Nico Hulkenberg,7.0,Haas F1 Team,2023,Australian Grand Prix,3
81,Oscar Piastri,8.0,McLaren,2023,Australian Grand Prix,3
24,Guanyu Zhou,9.0,Alfa Romeo,2023,Australian Grand Prix,3
22,Yuki Tsunoda,10.0,AlphaTauri,2023,Australian Grand Prix,3
77,Valtteri Bottas,11.0,Alfa Romeo,2023,Australian Grand Prix,3
55,Carlos Sainz,12.0,Ferrari,2023,Australian Grand Prix,3
10,Pierre Gasly,13.0,Alpine,2023,Australian Grand Prix,3
31,Esteban Ocon,14.0,Alpine,2023,Australian Grand Prix,3
21,Nyck De Vries,15.0,AlphaTauri,2023,Australian Grand Prix,3
2,Logan Sargeant,16.0,Williams,2023,Australian Grand Prix,3
20,Kevin Magnussen,17.0,Haas F1 Team,2023,Australian Grand Prix,3
63,George Russell,18.0,Mercedes,2023,Australian Grand Prix,3
23,Alexander Albon,19.0,Williams,2023,Australian Grand Prix,3
16,Charles Leclerc,20.0,Ferrari,2023,Australian Grand Prix,3
11,Sergio Perez,1.0,Red Bull Racing,2023,Azerbaijan Grand Prix,4
1,Max Verstappen,2.0,Red Bull Racing,2023,Azerbaijan Grand Prix,4
16,Charles Leclerc,3.0,Ferrari,2023,Azerbaijan Grand Prix,4
14,Fernando Alonso,4.0,Aston Martin,2023,Azerbaijan Grand Prix,4
55,Carlos Sainz,5.0,Ferrari,2023,Azerbaijan Grand Prix,4
44,Lewis Hamilton,6.0,Mercedes,2023,Azerbaijan Grand Prix,4
18,Lance Stroll,7.0,Aston Martin,2023,Azerbaijan Grand Prix,4
63,George Russell,8.0,Mercedes,2023,Azerbaijan Grand Prix,4
4,Lando Norris,9.0,McLaren,2023,Azerbaijan Grand Prix,4
22,Yuki Tsunoda,10.0,AlphaTauri,2023,Azerbaijan Grand Prix,4
81,Oscar Piastri,11.0,McLaren,2023,Azerbaijan Grand Prix,4
23,Alexander Albon,12.0,Williams,2023,Azerbaijan Grand Prix,4
20,Kevin Magnussen,13.0,Haas F1 Team,2023,Azerbaijan Grand Prix,4
10,Pierre Gasly,14.0,Alpine,2023,Azerbaijan Grand Prix,4
31,Esteban Ocon,15.0,Alpine,2023,Azerbaijan Grand Prix,4
2,Logan Sargeant,16.0,Williams,2023,Azerbaijan Grand Prix,4
27,Nico Hulkenberg,17.0,Haas F1 Team,2023,Azerbaijan Grand Prix,4
77,Valtteri Bottas,18.0,Alfa Romeo,2023,Azerbaijan Grand Prix,4
24,Guanyu Zhou,19.0,Alfa Romeo,2023,Azerbaijan Grand Prix,4
21,Nyck De Vries,20.0,AlphaTauri,2023,Azerbaijan Grand Prix,4
1,Max Verstappen,1.0,Red Bull Racing,2023,Miami Grand Prix,5
11,Sergio Perez,2.0,Red Bull Racing,2023,Miami Grand Prix,5
14,Fernando Alonso,3.0,Aston Martin,2023,Miami Grand Prix,5
63,George Russell,4.0,Mercedes,2023,Miami Grand Prix,5
55,Carlos Sainz,5.0,Ferrari,2023,Miami Grand Prix,5
44,Lewis Hamilton,6.0,Mercedes,2023,Miami Grand Prix,5
16,Charles Leclerc,7.0,Ferrari,2023,Miami Grand Prix,5
10,Pierre Gasly,8.0,Alpine,2023,Miami Grand Prix,5
31,Esteban Ocon,9.0,Alpine,2023,Miami Grand Prix,5
20,Kevin Magnussen,10.0,Haas F1 Team,2023,Miami Grand Prix,5
22,Yuki Tsunoda,11.0,AlphaTauri,2023,Miami Grand Prix,5
18,Lance Stroll,12.0,Aston Martin,2023,Miami Grand Prix,5
77,Valtteri Bottas,13.0,Alfa Romeo,2023,Miami Grand Prix,5
23,Alexander Albon,14.0,Williams,2023,Miami Grand Prix,5
27,Nico Hulkenberg,15.0,Haas F1 Team,2023,Miami Grand Prix,5
24,Guanyu Zhou,16.0,Alfa Romeo,2023,Miami Grand Prix,5
4,Lando Norris,17.0,McLaren,2023,Miami Grand Prix,5
21,Nyck De Vries,18.0,AlphaTauri,2023,Miami Grand Prix,5
81,Oscar Piastri,19.0,McLaren,2023,Miami Grand Prix,5
2,Logan Sargeant,20.0,Williams,2023,Miami Grand Prix,5
1,Max Verstappen,1.0,Red Bull Racing,2023,Monaco Grand Prix,6
14,Fernando Alonso,2.0,Aston Martin,2023,Monaco Grand Prix,6
31,Esteban Ocon,3.0,Alpine,2023,Monaco Grand Prix,6
44,Lewis Hamilton,4.0,Mercedes,2023,Monaco Grand Prix,6
63,George Russell,5.0,Mercedes,2023,Monaco Grand Prix,6
16,Charles Leclerc,6.0,Ferrari,2023,Monaco Grand Prix,6
10,Pierre Gasly,7.0,Alpine,2023,Monaco Grand Prix,6
55,Carlos Sainz,8.0,Ferrari,2023,Monaco Grand Prix,6
4,Lando Norris,9.0,McLaren,2023,Monaco Grand Prix,6
81,Oscar Piastri,10.0,McLaren,2023,Monaco Grand Prix,6
77,Valtteri Bottas,11.0,Alfa Romeo,2023,Monaco Grand Prix,6
21,Nyck De Vries,12.0,AlphaTauri,2023,Monaco Grand Prix,6
24,Guanyu Zhou,13.0,Alfa Romeo,2023,Monaco Grand Prix,6
23,Alexander Albon,14.0,Williams,2023,Monaco Grand Prix,6
22,Yuki Tsunoda,15.0,AlphaTauri,2023,Monaco Grand Prix,6
11,Sergio Perez,16.0,Red Bull Racing,2023,Monaco Grand Prix,6
27,Nico Hulkenberg,17.0,Haas F1 Team,2023,Monaco Grand Prix,6
2,Logan Sargeant,18.0,Williams,2023,Monaco Grand Prix,6
20,Kevin Magnussen,19.0,Haas F1 Team,2023,Monaco Grand Prix,6
18,Lance Stroll,20.0,Aston Martin,2023,Monaco Grand Prix,6
1,Max Verstappen,1.0,Red Bull Racing,2023,Spanish Grand Prix,7
44,Lewis Hamilton,2.0,Mercedes,2023,Spanish Grand Prix,7
63,George Russell,3.0,Mercedes,2023,Spanish Grand Prix,7
11,Sergio Perez,4.0,Red Bull Racing,2023,Spanish Grand Prix,7
55,Carlos Sainz,5.0,Ferrari,2023,Spanish Grand Prix,7
18,Lance Stroll,6.0,Aston Martin,2023,Spanish Grand Prix,7
14,Fernando Alonso,7.0,Aston Martin,2023,Spanish Grand Prix,7
31,Esteban Ocon,8.0,Alpine,2023,Spanish Grand Prix,7
24,Guanyu Zhou,9.0,Alfa Romeo,2023,Spanish Grand Prix,7
10,Pierre Gasly,10.0,Alpine,2023,Spanish Grand Prix,7
16,Charles Leclerc,11.0,Ferrari,2023,Spanish Grand Prix,7
22,Yuki Tsunoda,12.0,AlphaTauri,2023,Spanish Grand Prix,7
81,Oscar Piastri,13.0,McLaren,2023,Spanish Grand Prix,7
21,Nyck De Vries,14.0,AlphaTauri,2023,Spanish Grand Prix,7
27,Nico Hulkenberg,15.0,Haas F1 Team,2023,Spanish Grand Prix,7
23,Alexander Albon,16.0,Williams,2023,Spanish Grand Prix,7
4,Lando Norris,17.0,McLaren,2023,Spanish Grand Prix,7
20,Kevin Magnussen,18.0,Haas F1 Team,2023,Spanish Grand Prix,7
77,Valtteri Bottas,19.0,Alfa Romeo,2023,Spanish Grand Prix,7
2,Logan Sargeant,20.0,Williams,2023,Spanish Grand Prix,7
1,Max Verstappen,1.0,Red Bull Racing,2023,Canadian Grand Prix,8
14,Fernando Alonso,2.0,Aston Martin,2023,Canadian Grand Prix,8
44,Lewis Hamilton,3.0,Mercedes,2023,Canadian Grand Prix,8
16,Charles Leclerc,4.0,Ferrari,2023,Canadian Grand Prix,8
55,Carlos Sainz,5.0,Ferrari,2023,Canadian Grand Prix,8
11,Sergio Perez,6.0,Red Bull Racing,2023,Canadian Grand Prix,8
23,Alexander Albon,7.0,Williams,2023,Canadian Grand Prix,8
31,Esteban Ocon,8.0,Alpine,2023,Canadian Grand Prix,8
18,Lance Stroll,9.0,Aston Martin,2023,Canadian Grand Prix,8
77,Valtteri Bottas,10.0,Alfa Romeo,2023,Canadian Grand Prix,8
81,Oscar Piastri,11.0,McLaren,2023,Canadian Grand Prix,8
10,Pierre Gasly,12.0,Alpine,2023,Canadian Grand Prix,8
4,Lando Norris,13.0,McLaren,2023,Canadian Grand Prix,8
22,Yuki Tsunoda,14.0,AlphaTauri,2023,Canadian Grand Prix,8
27,Nico Hulkenberg,15.0,Haas F1 Team,2023,Canadian Grand Prix,8
24,Guanyu Zhou,16.0,Alfa Romeo,2023,Canadian Grand Prix,8
20,Kevin Magnussen,17.0,Haas F1 Team,2023,Canadian Grand Prix,8
21,Nyck De Vries,18.0,AlphaTauri,2023,Canadian Grand Prix,8
63,George Russell,19.0,Mercedes,2023,Canadian Grand Prix,8
2,Logan Sargeant,20.0,Williams,2023,Canadian Grand Prix,8
1,Max Verstappen,1.0,Red Bull Racing,2023,Austrian Grand Prix,9
16,Charles Leclerc,2.0,Ferrari,2023,Austrian Grand Prix,9
11,Sergio Perez,3.0,Red Bull Racing,2023,Austrian Grand Prix,9
4,Lando Norris,4.0,McLaren,2023,Austrian Grand Prix,9
14,Fernando Alonso,5.0,Aston Martin,2023,Austrian Grand Prix,9
55,Carlos Sainz,6.0,Ferrari,2023,Austrian Grand Prix,9
63,George Russell,7.0,Mercedes,2023,Austrian Grand Prix,9
44,Lewis Hamilton,8.0,Mercedes,2023,Austrian Grand Prix,9
18,Lance Stroll,9.0,Aston Martin,2023,Austrian Grand Prix,9
10,Pierre Gasly,10.0,Alpine,2023,Austrian Grand Prix,9
23,Alexander Albon,11.0,Williams,2023,Austrian Grand Prix,9
24,Guanyu Zhou,12.0,Alfa Romeo,2023,Austrian Grand Prix,9
2,Logan Sargeant,13.0,Williams,2023,Austrian Grand Prix,9
31,Esteban Ocon,14.0,Alpine,2023,Austrian Grand Prix,9
77,Valtteri Bottas,15.0,Alfa Romeo,2023,Austrian Grand Prix,9
81,Oscar Piastri,16.0,McLaren,2023,Austrian Grand Prix,9
21,Nyck De Vries,17.0,AlphaTauri,2023,Austrian Grand Prix,9
20,Kevin Magnussen,18.0,Haas F1 Team,2023,Austrian Grand Prix,9
22,Yuki Tsunoda,19.0,AlphaTauri,2023,Austrian Grand Prix,9
27,Nico Hulkenberg,20.0,Haas F1 Team,2023,Austrian Grand Prix,9
1,Max Verstappen,1.0,Red Bull Racing,2023,British Grand Prix,10
4,Lando Norris,2.0,McLaren,2023,British Grand Prix,10
44,Lewis Hamilton,3.0,Mercedes,2023,British Grand Prix,10
81,Oscar Piastri,4.0,McLaren,2023,British Grand Prix,10
63,George Russell,5.0,Mercedes,2023,British Grand Prix,10
11,Sergio Perez,6.0,Red Bull Racing,2023,British Grand Prix,10
14,Fernando Alonso,7.0,Aston Martin,2023,British Grand Prix,10
23,Alexander Albon,8.0,Williams,2023,British Grand Prix,10
16,Charles Leclerc,9.0,Ferrari,2023,British Grand Prix,10
55,Carlos Sainz,10.0,Ferrari,2023,British Grand Prix,10
2,Logan Sargeant,11.0,Williams,2023,British Grand Prix,10
77,Valtteri Bottas,12.0,Alfa Romeo,2023,British Grand Prix,10
27,Nico Hulkenberg,13.0,Haas F1 Team,2023,British Grand Prix,10
18,Lance Stroll,14.0,Aston Martin,2023,British Grand Prix,10
24,Guanyu Zhou,15.0,Alfa Romeo,2023,British Grand Prix,10
22,Yuki Tsunoda,16.0,AlphaTauri,2023,British Grand Prix,10
21,Nyck De Vries,17.0,AlphaTauri,2023,British Grand Prix,10
10,Pierre Gasly,18.0,Alpine,2023,British Grand Prix,10
20,Kevin Magnussen,19.0,Haas F1 Team,2023,British Grand Prix,10
31,Esteban Ocon,20.0,Alpine,2023,British Grand Prix,10
1,Max Verstappen,1.0,Red Bull Racing,2023,Hungarian Grand Prix,11
4,Lando Norris,2.0,McLaren,2023,Hungarian Grand Prix,11
11,Sergio Perez,3.0,Red Bull Racing,2023,Hungarian Grand Prix,11
44,Lewis Hamilton,4.0,Mercedes,2023,Hungarian Grand Prix,11
81,Oscar Piastri,5.0,McLaren,2023,Hungarian Grand Prix,11
63,George Russell,6.0,Mercedes,2023,Hungarian Grand Prix,11
16,Charles Leclerc,7.0,Ferrari,2023,Hungarian Grand Prix,11
55,Carlos Sainz,8.0,Ferrari,2023,Hungarian Grand Prix,11
14,Fernando Alonso,9.0,Aston Martin,2023,Hungarian Grand Prix,11
18,Lance Stroll,10.0,Aston Martin,2023,Hungarian Grand Prix,11
23,Alexander Albon,11.0,Williams,2023,Hungarian Grand Prix,11
77,Valtteri Bottas,12.0,Alfa Romeo,2023,Hungarian Grand Prix,11
3,Daniel Ricciardo,13.0,AlphaTauri,2023,Hungarian Grand Prix,11
27,Nico Hulkenberg,14.0,Haas F1 Team,2023,Hungarian Grand Prix,11
22,Yuki Tsunoda,15.0,AlphaTauri,2023,Hungarian Grand Prix,11
24,Guanyu Zhou,16.0,Alfa Romeo,2023,Hungarian Grand Prix,11
20,Kevin Magnussen,17.0,Haas F1 Team,2023,Hungarian Grand Prix,11
2,Logan Sargeant,18.0,Williams,2023,Hungarian Grand Prix,11
31,Esteban Ocon,19.0,Alpine,2023,Hungarian Grand Prix,11
10,Pierre Gasly,20.0,Alpine,2023,Hungarian Grand Prix,11
1,Max Verstappen,1.0,Red Bull Racing,2023,Belgian Grand Prix,12
11,Sergio Perez,2.0,Red Bull Racing,2023,Belgian Grand Prix,12
16,Charles Leclerc,3.0,Ferrari,2023,Belgian Grand Prix,12
44,Lewis Hamilton,4.0,Mercedes,2023,Belgian Grand Prix,12
14,Fernando Alonso,5.0,Aston Martin,2023,Belgian Grand Prix,12
63,George Russell,6.0,Mercedes,2023,Belgian Grand Prix,12
4,Lando Norris,7.0,McLaren,2023,Belgian Grand Prix,12
31,Esteban Ocon,8.0,Alpine,2023,Belgian Grand Prix,12
18,Lance Stroll,9.0,Aston Martin,2023,Belgian Grand Prix,12
22,Yuki Tsunoda,10.0,AlphaTauri,2023,Belgian Grand Prix,12
10,Pierre Gasly,11.0,Alpine,2023,Belgian Grand Prix,12
77,Valtteri Bottas,12.0,Alfa Romeo,2023,Belgian Grand Prix,12
24,Guanyu Zhou,13.0,Alfa Romeo,2023,Belgian Grand Prix,12
23,Alexander Albon,14.0,Williams,2023,Belgian Grand Prix,12
20,Kevin Magnussen,15.0,Haas F1 Team,2023,Belgian Grand Prix,12
3,Daniel Ricciardo,16.0,AlphaTauri,2023,Belgian Grand Prix,12
2,Logan Sargeant,17.0,Williams,2023,Belgian Grand Prix,12
27,Nico Hulkenberg,18.0,Haas F1 Team,2023,Belgian Grand Prix,12
55,Carlos Sainz,19.0,Ferrari,2023,Belgian Grand Prix,12
81,Oscar Piastri,20.0,McLaren,2023,Belgian Grand Prix,12
1,Max Verstappen,1.0,Red Bull Racing,2023,Dutch Grand Prix,13
14,Fernando Alonso,2.0,Aston Martin,2023,Dutch Grand Prix,13
10,Pierre Gasly,3.0,Alpine,2023,Dutch Grand Prix,13
11,Sergio Perez,4.0,Red Bull Racing,2023,Dutch Grand Prix,13
55,Carlos Sainz,5.0,Ferrari,2023,Dutch Grand Prix,13
44,Lewis Hamilton,6.0,Mercedes,2023,Dutch Grand Prix,13
4,Lando Norris,7.0,McLaren,2023,Dutch Grand Prix,13
23,Alexander Albon,8.0,Williams,2023,Dutch Grand Prix,13
81,Oscar Piastri,9.0,McLaren,2023,Dutch Grand Prix,13
31,Esteban Ocon,10.0,Alpine,2023,Dutch Grand Prix,13
18,Lance Stroll,11.0,Aston Martin,2023,Dutch Grand Prix,13
27,Nico Hulkenberg,12.0,Haas F1 Team,2023,Dutch Grand Prix,13
40,Liam Lawson,13.0,AlphaTauri,2023,Dutch Grand Prix,13
77,Valtteri Bottas,14.0,Alfa Romeo,2023,Dutch Grand Prix,13
22,Yuki Tsunoda,15.0,AlphaTauri,2023,Dutch Grand Prix,13
20,Kevin Magnussen,16.0,Haas F1 Team,2023,Dutch Grand Prix,13
63,George Russell,17.0,Mercedes,2023,Dutch Grand Prix,13
24,Guanyu Zhou,18.0,Alfa Romeo,2023,Dutch Grand Prix,13
16,Charles Leclerc,19.0,Ferrari,2023,Dutch Grand Prix,13
2,Logan Sargeant,20.0,Williams,2023,Dutch Grand Prix,13
1,Max Verstappen,1.0,Red Bull Racing,2023,Italian Grand Prix,14
11,Sergio Perez,2.0,Red Bull Racing,2023,Italian Grand Prix,14
55,Carlos Sainz,3.0,Ferrari,2023,Italian Grand Prix,14
16,Charles Leclerc,4.0,Ferrari,2023,Italian Grand Prix,14
63,George Russell,5.0,Mercedes,2023,Italian Grand Prix,14
44,Lewis Hamilton,6.0,Mercedes,2023,Italian Grand Prix,14
23,Alexander Albon,7.0,Williams,2023,Italian Grand Prix,14
4,Lando Norris,8.0,McLaren,2023,Italian Grand Prix,14
14,Fernando Alonso,9.0,Aston Martin,2023,Italian Grand Prix,14
77,Valtteri Bottas,10.0,Alfa Romeo,2023,Italian Grand Prix,14
40,Liam Lawson,11.0,AlphaTauri,2023,Italian Grand Prix,14
81,Oscar Piastri,12.0,McLaren,2023,Italian Grand Prix,14
2,Logan Sargeant,13.0,Williams,2023,Italian Grand Prix,14
24,Guanyu Zhou,14.0,Alfa Romeo,2023,Italian Grand Prix,14
10,Pierre Gasly,15.0,Alpine,2023,Italian Grand Prix,14
18,Lance Stroll,16.0,Aston Martin,2023,Italian Grand Prix,14
27,Nico Hulkenberg,17.0,Haas F1 Team,2023,Italian Grand Prix,14
20,Kevin Magnussen,18.0,Haas F1 Team,2023,Italian Grand Prix,14
31,Esteban Ocon,19.0,Alpine,2023,Italian Grand Prix,14
22,Yuki Tsunoda,20.0,AlphaTauri,2023,Italian Grand Prix,14
55,Carlos Sainz,1.0,Ferrari,2023,Singapore Grand Prix,15
4,Lando Norris,2.0,McLaren,2023,Singapore Grand Prix,15
44,Lewis Hamilton,3.0,Mercedes,2023,Singapore Grand Prix,15
16,Charles Leclerc,4.0,Ferrari,2023,Singapore Grand Prix,15
1,Max Verstappen,5.0,Red Bull Racing,2023,Singapore Grand Prix,15
10,Pierre Gasly,6.0,Alpine,2023,Singapore Grand Prix,15
81,Oscar Piastri,7.0,McLaren,2023,Singapore Grand Prix,15
11,Sergio Perez,8.0,Red Bull Racing,2023,Singapore Grand Prix,15
40,Liam Lawson,9.0,AlphaTauri,2023,Singapore Grand Prix,15
20,Kevin Magnussen,10.0,Haas F1 Team,2023,Singapore Grand Prix,15
23,Alexander Albon,11.0,Williams,2023,Singapore Grand Prix,15
24,Guanyu Zhou,12.0,Alfa Romeo,2023,Singapore Grand Prix,15
27,Nico Hulkenberg,13.0,Haas F1 Team,2023,Singapore Grand Prix,15
2,Logan Sargeant,14.0,Williams,2023,Singapore Grand Prix,15
14,Fernando Alonso,15.0,Aston Martin,2023,Singapore Grand Prix,15
63,George Russell,16.0,Mercedes,2023,Singapore Grand Prix,15
77,Valtteri Bottas,17.0,Alfa Romeo,2023,Singapore Grand Prix,15
31,Esteban Ocon,18.0,Alpine,2023,Singapore Grand Prix,15
22,Yuki Tsunoda,19.0,AlphaTauri,2023,Singapore Grand Prix,15
18,Lance Stroll,,Aston Martin,2023,Singapore Grand Prix,15
1,Max Verstappen,1.0,Red Bull Racing,2023,Japanese Grand Prix,16
4,Lando Norris,2.0,McLaren,2023,Japanese Grand Prix,16
81,Oscar Piastri,3.0,McLaren,2023,Japanese Grand Prix,16
16,Charles Leclerc,4.0,Ferrari,2023,Japanese Grand Prix,16
44,Lewis Hamilton,5.0,Mercedes,2023,Japanese Grand Prix,16
55,Carlos Sainz,6.0,Ferrari,2023,Japanese Grand Prix,16
63,George Russell,7.0,Mercedes,2023,Japanese Grand Prix,16
14,Fernando Alonso,8.0,Aston Martin,2023,Japanese Grand Prix,16
31,Esteban Ocon,9.0,Alpine,2023,Japanese Grand Prix,16
10,Pierre Gasly,10.0,Alpine,2023,Japanese Grand Prix,16
40,Liam Lawson,11.0,AlphaTauri,2023,Japanese Grand Prix,16
22,Yuki Tsunoda,12.0,AlphaTauri,2023,Japanese Grand Prix,16
24,Guanyu Zhou,13.0,Alfa Romeo,2023,Japanese Grand Prix,16
27,Nico Hulkenberg,14.0,Haas F1 Team,2023,Japanese Grand Prix,16
20,Kevin Magnussen,15.0,Haas F1 Team,2023,Japanese Grand Prix,16
23,Alexander Albon,16.0,Williams,2023,Japanese Grand Prix,16
2,Logan Sargeant,17.0,Williams,2023,Japanese Grand Prix,16
18,Lance Stroll,18.0,Aston Martin,2023,Japanese Grand Prix,16
11,Sergio Perez,19.0,Red Bull Racing,2023,Japanese Grand Prix,16
77,Valtteri Bottas,20.0,Alfa Romeo,2023,Japanese Grand Prix,16
1,Max Verstappen,1.0,Red Bull Racing,2023,Qatar Grand Prix,17
81,Oscar Piastri,2.0,McLaren,2023,Qatar Grand Prix,17
4,Lando Norris,3.0,McLaren,2023,Qatar Grand Prix,17
63,George Russell,4.0,Mercedes,2023,Qatar Grand Prix,17
16,Charles Leclerc,5.0,Ferrari,2023,Qatar Grand Prix,17
14,Fernando Alonso,6.0,Aston Martin,2023,Qatar Grand Prix,17
31,Esteban Ocon,7.0,Alpine,2023,Qatar Grand Prix,17
77,Valtteri Bottas,8.0,Alfa Romeo,2023,Qatar Grand Prix,17
24,Guanyu Zhou,9.0,Alfa Romeo,2023,Qatar Grand Prix,17
11,Sergio Perez,10.0,Red Bull Racing,2023,Qatar Grand Prix,17
18,Lance Stroll,11.0,Aston Martin,2023,Qatar Grand Prix,17
10,Pierre Gasly,12.0,Alpine,2023,Qatar Grand Prix,17
23,Alexander Albon,13.0,Williams,2023,Qatar Grand Prix,17
20,Kevin Magnussen,14.0,Haas F1 Team,2023,Qatar Grand Prix,17
22,Yuki Tsunoda,15.0,AlphaTauri,2023,Qatar Grand Prix,17
27,Nico Hulkenberg,16.0,Haas F1 Team,2023,Qatar Grand Prix,17
40,Liam Lawson,17.0,AlphaTauri,2023,Qatar Grand Prix,17
2,Logan Sargeant,18.0,Williams,2023,Qatar Grand Prix,17
44,Lewis Hamilton,19.0,Mercedes,2023,Qatar Grand Prix,17
55,Carlos Sainz,20.0,Ferrari,2023,Qatar Grand Prix,17
1,Max Verstappen,1.0,Red Bull Racing,2023,United States Grand Prix,18
4,Lando Norris,2.0,McLaren,2023,United States Grand Prix,18
55,Carlos Sainz,3.0,Ferrari,2023,United States Grand Prix,18
11,Sergio Perez,4.0,Red Bull Racing,2023,United States Grand Prix,18
63,George Russell,5.0,Mercedes,2023,United States Grand Prix,18
10,Pierre Gasly,6.0,Alpine,2023,United States Grand Prix,18
18,Lance Stroll,7.0,Aston Martin,2023,United States Grand Prix,18
22,Yuki Tsunoda,8.0,AlphaTauri,2023,United States Grand Prix,18
23,Alexander Albon,9.0,Williams,2023,United States Grand Prix,18
2,Logan Sargeant,10.0,Williams,2023,United States Grand Prix,18
27,Nico Hulkenberg,11.0,Haas F1 Team,2023,United States Grand Prix,18
77,Valtteri Bottas,12.0,Alfa Romeo,2023,United States Grand Prix,18
24,Guanyu Zhou,13.0,Alfa Romeo,2023,United States Grand Prix,18
20,Kevin Magnussen,14.0,Haas F1 Team,2023,United States Grand Prix,18
3,Daniel Ricciardo,15.0,AlphaTauri,2023,United States Grand Prix,18
14,Fernando Alonso,16.0,Aston Martin,2023,United States Grand Prix,18
81,Oscar Piastri,17.0,McLaren,2023,United States Grand Prix,18
31,Esteban Ocon,18.0,Alpine,2023,United States Grand Prix,18
44,Lewis Hamilton,19.0,Mercedes,2023,United States Grand Prix,18
16,Charles Leclerc,20.0,Ferrari,2023,United States Grand Prix,18
1,Max Verstappen,1.0,Red Bull Racing,2023,Mexico City Grand Prix,19
44,Lewis Hamilton,2.0,Mercedes,2023,Mexico City Grand Prix,19
16,Charles Leclerc,3.0,Ferrari,2023,Mexico City Grand Prix,19
55,Carlos Sainz,4.0,Ferrari,2023,Mexico City Grand Prix,19
4,Lando Norris,5.0,McLaren,2023,Mexico City Grand Prix,19
63,George Russell,6.0,Mercedes,2023,Mexico City Grand Prix,19
3,Daniel Ricciardo,7.0,AlphaTauri,2023,Mexico City Grand Prix,19
81,Oscar Piastri,8.0,McLaren,2023,Mexico City Grand Prix,19
23,Alexander Albon,9.0,Williams,2023,Mexico City Grand Prix,19
31,Esteban Ocon,10.0,Alpine,2023,Mexico City Grand Prix,19
10,Pierre Gasly,11.0,Alpine,2023,Mexico City Grand Prix,19
22,Yuki Tsunoda,12.0,AlphaTauri,2023,Mexico City Grand Prix,19
27,Nico Hulkenberg,13.0,Haas F1 Team,2023,Mexico City Grand Prix,19
24,Guanyu Zhou,14.0,Alfa Romeo,2023,Mexico City Grand Prix,19
77,Valtteri Bottas,15.0,Alfa Romeo,2023,Mexico City Grand Prix,19
2,Logan Sargeant,16.0,Williams,2023,Mexico City Grand Prix,19
18,Lance Stroll,17.0,Aston Martin,2023,Mexico City Grand Prix,19
14,Fernando Alonso,18.0,Aston Martin,2023,Mexico City Grand Prix,19
20,Kevin Magnussen,19.0,Haas F1 Team,2023,Mexico City Grand Prix,19
11,Sergio Perez,20.0,Red Bull Racing,2023,Mexico City Grand Prix,19
1,Max Verstappen,1.0,Red Bull Racing,2023,São Paulo Grand Prix,20
4,Lando Norris,2.0,McLaren,2023,São Paulo Grand Prix,20
14,Fernando Alonso,3.0,Aston Martin,2023,São Paulo Grand Prix,20
11,Sergio Perez,4.0,Red Bull Racing,2023,São Paulo Grand Prix,20
18,Lance Stroll,5.0,Aston Martin,2023,São Paulo Grand Prix,20
55,Carlos Sainz,6.0,Ferrari,2023,São Paulo Grand Prix,20
10,Pierre Gasly,7.0,Alpine,2023,São Paulo Grand Prix,20
44,Lewis Hamilton,8.0,Mercedes,2023,São Paulo Grand Prix,20
22,Yuki Tsunoda,9.0,AlphaTauri,2023,São Paulo Grand Prix,20
31,Esteban Ocon,10.0,Alpine,2023,São Paulo Grand Prix,20
2,Logan Sargeant,11.0,Williams,2023,São Paulo Grand Prix,20
27,Nico Hulkenberg,12.0,Haas F1 Team,2023,São Paulo Grand Prix,20
3,Daniel Ricciardo,13.0,AlphaTauri,2023,São Paulo Grand Prix,20
81,Oscar Piastri,14.0,McLaren,2023,São Paulo Grand Prix,20
63,George Russell,15.0,Mercedes,2023,São Paulo Grand Prix,20
77,Valtteri Bottas,16.0,Alfa Romeo,2023,São Paulo Grand Prix,20
24,Guanyu Zhou,17.0,Alfa Romeo,2023,São Paulo Grand Prix,20
20,Kevin Magnussen,18.0,Haas F1 Team,2023,São Paulo Grand Prix,20
23,Alexander Albon,19.0,Williams,2023,São Paulo Grand Prix,20
16,Charles Leclerc,20.0,Ferrari,2023,São Paulo Grand Prix,20
1,Max Verstappen,1.0,Red Bull Racing,2023,Las Vegas Grand Prix,21
16,Charles Leclerc,2.0,Ferrari,2023,Las Vegas Grand Prix,21
11,Sergio Perez,3.0,Red Bull Racing,2023,Las Vegas Grand Prix,21
31,Esteban Ocon,4.0,Alpine,2023,Las Vegas Grand Prix,21
18,Lance Stroll,5.0,Aston Martin,2023,Las Vegas Grand Prix,21
55,Carlos Sainz,6.0,Ferrari,2023,Las Vegas Grand Prix,21
44,Lewis Hamilton,7.0,Mercedes,2023,Las Vegas Grand Prix,21
63,George Russell,8.0,Mercedes,2023,Las Vegas Grand Prix,21
14,Fernando Alonso,9.0,Aston Martin,2023,Las Vegas Grand Prix,21
81,Oscar Piastri,10.0,McLaren,2023,Las Vegas Grand Prix,21
10,Pierre Gasly,11.0,Alpine,2023,Las Vegas Grand Prix,21
23,Alexander Albon,12.0,Williams,2023,Las Vegas Grand Prix,21
20,Kevin Magnussen,13.0,Haas F1 Team,2023,Las Vegas Grand Prix,21
3,Daniel Ricciardo,14.0,AlphaTauri,2023,Las Vegas Grand Prix,21
24,Guanyu Zhou,15.0,Alfa Romeo,2023,Las Vegas Grand Prix,21
2,Logan Sargeant,16.0,Williams,2023,Las Vegas Grand Prix,21
77,Valtteri Bottas,17.0,Alfa Romeo,2023,Las Vegas Grand Prix,21
22,Yuki Tsunoda,18.0,AlphaTauri,2023,Las Vegas Grand Prix,21
27,Nico Hulkenberg,19.0,Haas F1 Team,2023,Las Vegas Grand Prix,21
4,Lando Norris,20.0,McLaren,2023,Las Vegas Grand Prix,21
1,Max Verstappen,1.0,Red Bull Racing,2023,Abu Dhabi Grand Prix,22
16,Charles Leclerc,2.0,Ferrari,2023,Abu Dhabi Grand Prix,22
63,George Russell,3.0,Mercedes,2023,Abu Dhabi Grand Prix,22
11,Sergio Perez,4.0,Red Bull Racing,2023,Abu Dhabi Grand Prix,22
4,Lando Norris,5.0,McLaren,2023,Abu Dhabi Grand Prix,22
81,Oscar Piastri,6.0,McLaren,2023,Abu Dhabi Grand Prix,22
14,Fernando Alonso,7.0,Aston Martin,2023,Abu Dhabi Grand Prix,22
22,Yuki Tsunoda,8.0,AlphaTauri,2023,Abu Dhabi Grand Prix,22
44,Lewis Hamilton,9.0,Mercedes,2023,Abu Dhabi Grand Prix,22
18,Lance Stroll,10.0,Aston Martin,2023,Abu Dhabi Grand Prix,22
3,Daniel Ricciardo,11.0,AlphaTauri,2023,Abu Dhabi Grand Prix,22
31,Esteban Ocon,12.0,Alpine,2023,Abu Dhabi Grand Prix,22
10,Pierre Gasly,13.0,Alpine,2023,Abu Dhabi Grand Prix,22
23,Alexander Albon,14.0,Williams,2023,Abu Dhabi Grand Prix,22
27,Nico Hulkenberg,15.0,Haas F1 Team,2023,Abu Dhabi Grand Prix,22
2,Logan Sargeant,16.0,Williams,2023,Abu Dhabi Grand Prix,22
24,Guanyu Zhou,17.0,Alfa Romeo,2023,Abu Dhabi Grand Prix,22
55,Carlos Sainz,18.0,Ferrari,2023,Abu Dhabi Grand Prix,22
77,Valtteri Bottas,19.0,Alfa Romeo,2023,Abu Dhabi Grand Prix,22
20,Kevin Magnussen,20.0,Haas F1 Team,2023,Abu Dhabi Grand Prix,22
1,Max Verstappen,1.0,Red Bull Racing,2024,Bahrain Grand Prix,1
11,Sergio Perez,2.0,Red Bull Racing,2024,Bahrain Grand Prix,1
55,Carlos Sainz,3.0,Ferrari,2024,Bahrain Grand Prix,1
16,Charles Leclerc,4.0,Ferrari,2024,Bahrain Grand Prix,1
63,George Russell,5.0,Mercedes,2024,Bahrain Grand Prix,1
4,Lando Norris,6.0,McLaren,2024,Bahrain Grand Prix,1
44,Lewis Hamilton,7.0,Mercedes,2024,Bahrain Grand Prix,1
81,Oscar Piastri,8.0,McLaren,2024,Bahrain Grand Prix,1
14,Fernando Alonso,9.0,Aston Martin,2024,Bahrain Grand Prix,1
18,Lance Stroll,10.0,Aston Martin,2024,Bahrain Grand Prix,1
24,Guanyu Zhou,11.0,Kick Sauber,2024,Bahrain Grand Prix,1
20,Kevin Magnussen,12.0,Haas F1 Team,2024,Bahrain Grand Prix,1
3,Daniel Ricciardo,13.0,RB,2024,Bahrain Grand Prix,1
22,Yuki Tsunoda,14.0,RB,2024,Bahrain Grand Prix,1
23,Alexander Albon,15.0,Williams,2024,Bahrain Grand Prix,1
27,Nico Hulkenberg,16.0,Haas F1 Team,2024,Bahrain Grand Prix,1
31,Esteban Ocon,17.0,Alpine,2024,Bahrain Grand Prix,1
10,Pierre Gasly,18.0,Alpine,2024,Bahrain Grand Prix,1
77,Valtteri Bottas,19.0,Kick Sauber,2024,Bahrain Grand Prix,1
2,Logan Sargeant,20.0,Williams,2024,Bahrain Grand Prix,1
1,Max Verstappen,1.0,Red Bull Racing,2024,Saudi Arabian Grand Prix,2
11,Sergio Perez,2.0,Red Bull Racing,2024,Saudi Arabian Grand Prix,2
16,Charles Leclerc,3.0,Ferrari,2024,Saudi Arabian Grand Prix,2
81,Oscar Piastri,4.0,McLaren,2024,Saudi Arabian Grand Prix,2
14,Fernando Alonso,5.0,Aston Martin,2024,Saudi Arabian Grand Prix,2
63,George Russell,6.0,Mercedes,2024,Saudi Arabian Grand Prix,2
38,Oliver Bearman,7.0,Ferrari,2024,Saudi Arabian Grand Prix,2
4,Lando Norris,8.0,McLaren,2024,Saudi Arabian Grand Prix,2
44,Lewis Hamilton,9.0,Mercedes,2024,Saudi Arabian Grand Prix,2
27,Nico Hulkenberg,10.0,Haas F1 Team,2024,Saudi Arabian Grand Prix,2
23,Alexander Albon,11.0,Williams,2024,Saudi Arabian Grand Prix,2
20,Kevin Magnussen,12.0,Haas F1 Team,2024,Saudi Arabian Grand Prix,2
31,Esteban Ocon,13.0,Alpine,2024,Saudi Arabian Grand Prix,2
2,Logan Sargeant,14.0,Williams,2024,Saudi Arabian Grand Prix,2
22,Yuki Tsunoda,15.0,RB,2024,Saudi Arabian Grand Prix,2
3,Daniel Ricciardo,16.0,RB,2024,Saudi Arabian Grand Prix,2
77,Valtteri Bottas,17.0,Kick Sauber,2024,Saudi Arabian Grand Prix,2
24,Guanyu Zhou,18.0,Kick Sauber,2024,Saudi Arabian Grand Prix,2
18,Lance Stroll,19.0,Aston Martin,2024,Saudi Arabian Grand Prix,2
10,Pierre Gasly,20.0,Alpine,2024,Saudi Arabian Grand Prix,2
55,Carlos Sainz,1.0,Ferrari,2024,Australian Grand Prix,3
16,Charles Leclerc,2.0,Ferrari,2024,Australian Grand Prix,3
4,Lando Norris,3.0,McLaren,2024,Australian Grand Prix,3
81,Oscar Piastri,4.0,McLaren,2024,Australian Grand Prix,3
11,Sergio Perez,5.0,Red Bull Racing,2024,Australian Grand Prix,3
18,Lance Stroll,6.0,Aston Martin,2024,Australian Grand Prix,3
22,Yuki Tsunoda,7.0,RB,2024,Australian Grand Prix,3
14,Fernando Alonso,8.0,Aston Martin,2024,Australian Grand Prix,3
27,Nico Hulkenberg,9.0,Haas F1 Team,2024,Australian Grand Prix,3
20,Kevin Magnussen,10.0,Haas F1 Team,2024,Australian Grand Prix,3
23,Alexander Albon,11.0,Williams,2024,Australian Grand Prix,3
3,Daniel Ricciardo,12.0,RB,2024,Australian Grand Prix,3
10,Pierre Gasly,13.0,Alpine,2024,Australian Grand Prix,3
77,Valtteri Bottas,14.0,Kick Sauber,2024,Australian Grand Prix,3
24,Guanyu Zhou,15.0,Kick Sauber,2024,Australian Grand Prix,3
31,Esteban Ocon,16.0,Alpine,2024,Australian Grand Prix,3
63,George Russell,17.0,Mercedes,2024,Australian Grand Prix,3
44,Lewis Hamilton,18.0,Mercedes,2024,Australian Grand Prix,3
1,Max Verstappen,19.0,Red Bull Racing,2024,Australian Grand Prix,3
1,Max Verstappen,1.0,Red Bull Racing,2024,Japanese Grand Prix,4
11,Sergio Perez,2.0,Red Bull Racing,2024,Japanese Grand Prix,4
55,Carlos Sainz,3.0,Ferrari,2024,Japanese Grand Prix,4
16,Charles Leclerc,4.0,Ferrari,2024,Japanese Grand Prix,4
4,Lando Norris,5.0,McLaren,2024,Japanese Grand Prix,4
14,Fernando Alonso,6.0,Aston Martin,2024,Japanese Grand Prix,4
63,George Russell,7.0,Mercedes,2024,Japanese Grand Prix,4
81,Oscar Piastri,8.0,McLaren,2024,Japanese Grand Prix,4
44,Lewis Hamilton,9.0,Mercedes,2024,Japanese Grand Prix,4
22,Yuki Tsunoda,10.0,RB,2024,Japanese Grand Prix,4
27,Nico Hulkenberg,11.0,Haas F1 Team,2024,Japanese Grand Prix,4
18,Lance Stroll,12.0,Aston Martin,2024,Japanese Grand Prix,4
20,Kevin Magnussen,13.0,Haas F1 Team,2024,Japanese Grand Prix,4
77,Valtteri Bottas,14.0,Kick Sauber,2024,Japanese Grand Prix,4
31,Esteban Ocon,15.0,Alpine,2024,Japanese Grand Prix,4
10,Pierre Gasly,16.0,Alpine,2024,Japanese Grand Prix,4
2,Logan Sargeant,17.0,Williams,2024,Japanese Grand Prix,4
24,Guanyu Zhou,18.0,Kick Sauber,2024,Japanese Grand Prix,4
3,Daniel Ricciardo,19.0,RB,2024,Japanese Grand Prix,4
23,Alexander Albon,20.0,Williams,2024,Japanese Grand Prix,4
1,Max Verstappen,1.0,Red Bull Racing,2024,Chinese Grand Prix,5
4,Lando Norris,2.0,McLaren,2024,Chinese Grand Prix,5
11,Sergio Perez,3.0,Red Bull Racing,2024,Chinese Grand Prix,5
16,Charles Leclerc,4.0,Ferrari,2024,Chinese Grand Prix,5
55,Carlos Sainz,5.0,Ferrari,2024,Chinese Grand Prix,5
63,George Russell,6.0,Mercedes,2024,Chinese Grand Prix,5
14,Fernando Alonso,7.0,Aston Martin,2024,Chinese Grand Prix,5
81,Oscar Piastri,8.0,McLaren,2024,Chinese Grand Prix,5
44,Lewis Hamilton,9.0,Mercedes,2024,Chinese Grand Prix,5
27,Nico Hulkenberg,10.0,Haas F1 Team,2024,Chinese Grand Prix,5
31,Esteban Ocon,11.0,Alpine,2024,Chinese Grand Prix,5
23,Alexander Albon,12.0,Williams,2024,Chinese Grand Prix,5
10,Pierre Gasly,13.0,Alpine,2024,Chinese Grand Prix,5
24,Guanyu Zhou,14.0,Kick Sauber,2024,Chinese Grand Prix,5
18,Lance Stroll,15.0,Aston Martin,2024,Chinese Grand Prix,5
20,Kevin Magnussen,16.0,Haas F1 Team,2024,Chinese Grand Prix,5
2,Logan Sargeant,17.0,Williams,2024,Chinese Grand Prix,5
3,Daniel Ricciardo,18.0,RB,2024,Chinese Grand Prix,5
22,Yuki Tsunoda,19.0,RB,2024,Chinese Grand Prix,5
77,Valtteri Bottas,20.0,Kick Sauber,2024,Chinese Grand Prix,5
4,Lando Norris,1.0,McLaren,2024,Miami Grand Prix,6
1,Max Verstappen,2.0,Red Bull Racing,2024,Miami Grand Prix,6
16,Charles Leclerc,3.0,Ferrari,2024,Miami Grand Prix,6
11,Sergio Perez,4.0,Red Bull Racing,2024,Miami Grand Prix,6
55,Carlos Sainz,5.0,Ferrari,2024,Miami Grand Prix,6
44,Lewis Hamilton,6.0,Mercedes,2024,Miami Grand Prix,6
22,Yuki Tsunoda,7.0,RB,2024,Miami Grand Prix,6
63,George Russell,8.0,Mercedes,2024,Miami Grand Prix,6
14,Fernando Alonso,9.0,Aston Martin,2024,Miami Grand Prix,6
31,Esteban Ocon,10.0,Alpine,2024,Miami Grand Prix,6
27,Nico Hulkenberg,11.0,Haas F1 Team,2024,Miami Grand Prix,6
10,Pierre Gasly,12.0,Alpine,2024,Miami Grand Prix,6
81,Oscar Piastri,13.0,McLaren,2024,Miami Grand Prix,6
24,Guanyu Zhou,14.0,Kick Sauber,2024,Miami Grand Prix,6
3,Daniel Ricciardo,15.0,RB,2024,Miami Grand Prix,6
77,Valtteri Bottas,16.0,Kick Sauber,2024,Miami Grand Prix,6
18,Lance Stroll,17.0,Aston Martin,2024,Miami Grand Prix,6
23,Alexander Albon,18.0,Williams,2024,Miami Grand Prix,6
20,Kevin Magnussen,19.0,Haas F1 Team,2024,Miami Grand Prix,6
2,Logan Sargeant,20.0,Williams,2024,Miami Grand Prix,6
1,Max Verstappen,1.0,Red Bull Racing,2024,Emilia Romagna Grand Prix,7
4,Lando Norris,2.0,McLaren,2024,Emilia Romagna Grand Prix,7
16,Charles Leclerc,3.0,Ferrari,2024,Emilia Romagna Grand Prix,7
81,Oscar Piastri,4.0,McLaren,2024,Emilia Romagna Grand Prix,7
55,Carlos Sainz,5.0,Ferrari,2024,Emilia Romagna Grand Prix,7
44,Lewis Hamilton,6.0,Mercedes,2024,Emilia Romagna Grand Prix,7
63,George Russell,7.0,Mercedes,2024,Emilia Romagna Grand Prix,7
11,Sergio Perez,8.0,Red Bull Racing,2024,Emilia Romagna Grand Prix,7
18,Lance Stroll,9.0,Aston Martin,2024,Emilia Romagna Grand Prix,7
22,Yuki Tsunoda,10.0,RB,2024,Emilia Romagna Grand Prix,7
27,Nico Hulkenberg,11.0,Haas F1 Team,2024,Emilia Romagna Grand Prix,7
20,Kevin Magnussen,12.0,Haas F1 Team,2024,Emilia Romagna Grand Prix,7
3,Daniel Ricciardo,13.0,RB,2024,Emilia Romagna Grand Prix,7
31,Esteban Ocon,14.0,Alpine,2024,Emilia Romagna Grand Prix,7
24,Guanyu Zhou,15.0,Kick Sauber,2024,Emilia Romagna Grand Prix,7
10,Pierre Gasly,16.0,Alpine,2024,Emilia Romagna Grand Prix,7
2,Logan Sargeant,17.0,Williams,2024,Emilia Romagna Grand Prix,7
77,Valtteri Bottas,18.0,Kick Sauber,2024,Emilia Romagna Grand Prix,7
14,Fernando Alonso,19.0,Aston Martin,2024,Emilia Romagna Grand Prix,7
23,Alexander Albon,20.0,Williams,2024,Emilia Romagna Grand Prix,7
16,Charles Leclerc,1.0,Ferrari,2024,Monaco Grand Prix,8
81,Oscar Piastri,2.0,McLaren,2024,Monaco Grand Prix,8
55,Carlos Sainz,3.0,Ferrari,2024,Monaco Grand Prix,8
4,Lando Norris,4.0,McLaren,2024,Monaco Grand Prix,8
63,George Russell,5.0,Mercedes,2024,Monaco Grand Prix,8
1,Max Verstappen,6.0,Red Bull Racing,2024,Monaco Grand Prix,8
44,Lewis Hamilton,7.0,Mercedes,2024,Monaco Grand Prix,8
22,Yuki Tsunoda,8.0,RB,2024,Monaco Grand Prix,8
23,Alexander Albon,9.0,Williams,2024,Monaco Grand Prix,8
10,Pierre Gasly,10.0,Alpine,2024,Monaco Grand Prix,8
14,Fernando Alonso,11.0,Aston Martin,2024,Monaco Grand Prix,8
3,Daniel Ricciardo,12.0,RB,2024,Monaco Grand Prix,8
77,Valtteri Bottas,13.0,Kick Sauber,2024,Monaco Grand Prix,8
18,Lance Stroll,14.0,Aston Martin,2024,Monaco Grand Prix,8
2,Logan Sargeant,15.0,Williams,2024,Monaco Grand Prix,8
24,Guanyu Zhou,16.0,Kick Sauber,2024,Monaco Grand Prix,8
31,Esteban Ocon,17.0,Alpine,2024,Monaco Grand Prix,8
11,Sergio Perez,18.0,Red Bull Racing,2024,Monaco Grand Prix,8
27,Nico Hulkenberg,19.0,Haas F1 Team,2024,Monaco Grand Prix,8
20,Kevin Magnussen,20.0,Haas F1 Team,2024,Monaco Grand Prix,8
1,Max Verstappen,1.0,Red Bull Racing,2024,Canadian Grand Prix,9
4,Lando Norris,2.0,McLaren,2024,Canadian Grand Prix,9
63,George Russell,3.0,Mercedes,2024,Canadian Grand Prix,9
44,Lewis Hamilton,4.0,Mercedes,2024,Canadian Grand Prix,9
81,Oscar Piastri,5.0,McLaren,2024,Canadian Grand Prix,9
14,Fernando Alonso,6.0,Aston Martin,2024,Canadian Grand Prix,9
18,Lance Stroll,7.0,Aston Martin,2024,Canadian Grand Prix,9
3,Daniel Ricciardo,8.0,RB,2024,Canadian Grand Prix,9
10,Pierre Gasly,9.0,Alpine,2024,Canadian Grand Prix,9
31,Esteban Ocon,10.0,Alpine,2024,Canadian Grand Prix,9
27,Nico Hulkenberg,11.0,Haas F1 Team,2024,Canadian Grand Prix,9
20,Kevin Magnussen,12.0,Haas F1 Team,2024,Canadian Grand Prix,9
77,Valtteri Bottas,13.0,Kick Sauber,2024,Canadian Grand Prix,9
22,Yuki Tsunoda,14.0,RB,2024,Canadian Grand Prix,9
24,Guanyu Zhou,15.0,Kick Sauber,2024,Canadian Grand Prix,9
55,Carlos Sainz,16.0,Ferrari,2024,Canadian Grand Prix,9
23,Alexander Albon,17.0,Williams,2024,Canadian Grand Prix,9
11,Sergio Perez,18.0,Red Bull Racing,2024,Canadian Grand Prix,9
16,Charles Leclerc,19.0,Ferrari,2024,Canadian Grand Prix,9
2,Logan Sargeant,20.0,Williams,2024,Canadian Grand Prix,9
1,Max Verstappen,1.0,Red Bull Racing,2024,Spanish Grand Prix,10
4,Lando Norris,2.0,McLaren,2024,Spanish Grand Prix,10
44,Lewis Hamilton,3.0,Mercedes,2024,Spanish Grand Prix,10
63,George Russell,4.0,Mercedes,2024,Spanish Grand Prix,10
16,Charles Leclerc,5.0,Ferrari,2024,Spanish Grand Prix,10
55,Carlos Sainz,6.0,Ferrari,2024,Spanish Grand Prix,10
81,Oscar Piastri,7.0,McLaren,2024,Spanish Grand Prix,10
11,Sergio Perez,8.0,Red Bull Racing,2024,Spanish Grand Prix,10
10,Pierre Gasly,9.0,Alpine,2024,Spanish Grand Prix,10
31,Esteban Ocon,10.0,Alpine,2024,Spanish Grand Prix,10
27,Nico Hulkenberg,11.0,Haas F1 Team,2024,Spanish Grand Prix,10
14,Fernando Alonso,12.0,Aston Martin,2024,Spanish Grand Prix,10
24,Guanyu Zhou,13.0,Kick Sauber,2024,Spanish Grand Prix,10
18,Lance Stroll,14.0,Aston Martin,2024,Spanish Grand Prix,10
3,Daniel Ricciardo,15.0,RB,2024,Spanish Grand Prix,10
77,Valtteri Bottas,16.0,Kick Sauber,2024,Spanish Grand Prix,10
20,Kevin Magnussen,17.0,Haas F1 Team,2024,Spanish Grand Prix,10
23,Alexander Albon,18.0,Williams,2024,Spanish Grand Prix,10
22,Yuki Tsunoda,19.0,RB,2024,Spanish Grand Prix,10
2,Logan Sargeant,20.0,Williams,2024,Spanish Grand Prix,10
63,George Russell,1.0,Mercedes,2024,Austrian Grand Prix,11
81,Oscar Piastri,2.0,McLaren,2024,Austrian Grand Prix,11
55,Carlos Sainz,3.0,Ferrari,2024,Austrian Grand Prix,11
44,Lewis Hamilton,4.0,Mercedes,2024,Austrian Grand Prix,11
1,Max Verstappen,5.0,Red Bull Racing,2024,Austrian Grand Prix,11
27,Nico Hulkenberg,6.0,Haas F1 Team,2024,Austrian Grand Prix,11
11,Sergio Perez,7.0,Red Bull Racing,2024,Austrian Grand Prix,11
20,Kevin Magnussen,8.0,Haas F1 Team,2024,Austrian Grand Prix,11
3,Daniel Ricciardo,9.0,RB,2024,Austrian Grand Prix,11
10,Pierre Gasly,10.0,Alpine,2024,Austrian Grand Prix,11
16,Charles Leclerc,11.0,Ferrari,2024,Austrian Grand Prix,11
31,Esteban Ocon,12.0,Alpine,2024,Austrian Grand Prix,11
18,Lance Stroll,13.0,Aston Martin,2024,Austrian Grand Prix,11
22,Yuki Tsunoda,14.0,RB,2024,Austrian Grand Prix,11
23,Alexander Albon,15.0,Williams,2024,Austrian Grand Prix,11
77,Valtteri Bottas,16.0,Kick Sauber,2024,Austrian Grand Prix,11
24,Guanyu Zhou,17.0,Kick Sauber,2024,Austrian Grand Prix,11
14,Fernando Alonso,18.0,Aston Martin,2024,Austrian Grand Prix,11
2,Logan Sargeant,19.0,Williams,2024,Austrian Grand Prix,11
4,Lando Norris,20.0,McLaren,2024,Austrian Grand Prix,11
44,Lewis Hamilton,1.0,Mercedes,2024,British Grand Prix,12
1,Max Verstappen,2.0,Red Bull Racing,2024,British Grand Prix,12
4,Lando Norris,3.0,McLaren,2024,British Grand Prix,12
81,Oscar Piastri,4.0,McLaren,2024,British Grand Prix,12
55,Carlos Sainz,5.0,Ferrari,2024,British Grand Prix,12
27,Nico Hulkenberg,6.0,Haas F1 Team,2024,British Grand Prix,12
18,Lance Stroll,7.0,Aston Martin,2024,British Grand Prix,12
14,Fernando Alonso,8.0,Aston Martin,2024,British Grand Prix,12
23,Alexander Albon,9.0,Williams,2024,British Grand Prix,12
22,Yuki Tsunoda,10.0,RB,2024,British Grand Prix,12
2,Logan Sargeant,11.0,Williams,2024,British Grand Prix,12
20,Kevin Magnussen,12.0,Haas F1 Team,2024,British Grand Prix,12
3,Daniel Ricciardo,13.0,RB,2024,British Grand Prix,12
16,Charles Leclerc,14.0,Ferrari,2024,British Grand Prix,12
77,Valtteri Bottas,15.0,Kick Sauber,2024,British Grand Prix,12
31,Esteban Ocon,16.0,Alpine,2024,British Grand Prix,12
11,Sergio Perez,17.0,Red Bull Racing,2024,British Grand Prix,12
24,Guanyu Zhou,18.0,Kick Sauber,2024,British Grand Prix,12
63,George Russell,19.0,Mercedes,2024,British Grand Prix,12
10,Pierre Gasly,20.0,Alpine,2024,British Grand Prix,12
81,Oscar Piastri,1.0,McLaren,2024,Hungarian Grand Prix,13
4,Lando Norris,2.0,McLaren,2024,Hungarian Grand Prix,13
44,Lewis Hamilton,3.0,Mercedes,2024,Hungarian Grand Prix,13
16,Charles Leclerc,4.0,Ferrari,2024,Hungarian Grand Prix,13
1,Max Verstappen,5.0,Red Bull Racing,2024,Hungarian Grand Prix,13
55,Carlos Sainz,6.0,Ferrari,2024,Hungarian Grand Prix,13
11,Sergio Perez,7.0,Red Bull Racing,2024,Hungarian Grand Prix,13
63,George Russell,8.0,Mercedes,2024,Hungarian Grand Prix,13
22,Yuki Tsunoda,9.0,RB,2024,Hungarian Grand Prix,13
18,Lance Stroll,10.0,Aston Martin,2024,Hungarian Grand Prix,13
14,Fernando Alonso,11.0,Aston Martin,2024,Hungarian Grand Prix,13
3,Daniel Ricciardo,12.0,RB,2024,Hungarian Grand Prix,13
27,Nico Hulkenberg,13.0,Haas F1 Team,2024,Hungarian Grand Prix,13
23,Alexander Albon,14.0,Williams,2024,Hungarian Grand Prix,13
20,Kevin Magnussen,15.0,Haas F1 Team,2024,Hungarian Grand Prix,13
77,Valtteri Bottas,16.0,Kick Sauber,2024,Hungarian Grand Prix,13
2,Logan Sargeant,17.0,Williams,2024,Hungarian Grand Prix,13
31,Esteban Ocon,18.0,Alpine,2024,Hungarian Grand Prix,13
24,Guanyu Zhou,19.0,Kick Sauber,2024,Hungarian Grand Prix,13
10,Pierre Gasly,20.0,Alpine,2024,Hungarian Grand Prix,13
44,Lewis Hamilton,1.0,Mercedes,2024,Belgian Grand Prix,14
81,Oscar Piastri,2.0,McLaren,2024,Belgian Grand Prix,14
16,Charles Leclerc,3.0,Ferrari,2024,Belgian Grand Prix,14
1,Max Verstappen,4.0,Red Bull Racing,2024,Belgian Grand Prix,14
4,Lando Norris,5.0,McLaren,2024,Belgian Grand Prix,14
55,Carlos Sainz,6.0,Ferrari,2024,Belgian Grand Prix,14
11,Sergio Perez,7.0,Red Bull Racing,2024,Belgian Grand Prix,14
14,Fernando Alonso,8.0,Aston Martin,2024,Belgian Grand Prix,14
31,Esteban Ocon,9.0,Alpine,2024,Belgian Grand Prix,14
3,Daniel Ricciardo,10.0,RB,2024,Belgian Grand Prix,14
18,Lance Stroll,11.0,Aston Martin,2024,Belgian Grand Prix,14
23,Alexander Albon,12.0,Williams,2024,Belgian Grand Prix,14
10,Pierre Gasly,13.0,Alpine,2024,Belgian Grand Prix,14
20,Kevin Magnussen,14.0,Haas F1 Team,2024,Belgian Grand Prix,14
77,Valtteri Bottas,15.0,Kick Sauber,2024,Belgian Grand Prix,14
22,Yuki Tsunoda,16.0,RB,2024,Belgian Grand Prix,14
2,Logan Sargeant,17.0,Williams,2024,Belgian Grand Prix,14
27,Nico Hulkenberg,18.0,Haas F1 Team,2024,Belgian Grand Prix,14
24,Guanyu Zhou,19.0,Kick Sauber,2024,Belgian Grand Prix,14
63,George Russell,20.0,Mercedes,2024,Belgian Grand Prix,14
4,Lando Norris,1.0,McLaren,2024,Dutch Grand Prix,15
1,Max Verstappen,2.0,Red Bull Racing,2024,Dutch Grand Prix,15
16,Charles Leclerc,3.0,Ferrari,2024,Dutch Grand Prix,15
81,Oscar Piastri,4.0,McLaren,2024,Dutch Grand Prix,15
55,Carlos Sainz,5.0,Ferrari,2024,Dutch Grand Prix,15
11,Sergio Perez,6.0,Red Bull Racing,2024,Dutch Grand Prix,15
63,George Russell,7.0,Mercedes,2024,Dutch Grand Prix,15
44,Lewis Hamilton,8.0,Mercedes,2024,Dutch Grand Prix,15
10,Pierre Gasly,9.0,Alpine,2024,Dutch Grand Prix,15
14,Fernando Alonso,10.0,Aston Martin,2024,Dutch Grand Prix,15
27,Nico Hulkenberg,11.0,Haas F1 Team,2024,Dutch Grand Prix,15
3,Daniel Ricciardo,12.0,RB,2024,Dutch Grand Prix,15
18,Lance Stroll,13.0,Aston Martin,2024,Dutch Grand Prix,15
23,Alexander Albon,14.0,Williams,2024,Dutch Grand Prix,15
31,Esteban Ocon,15.0,Alpine,2024,Dutch Grand Prix,15
2,Logan Sargeant,16.0,Williams,2024,Dutch Grand Prix,15
22,Yuki Tsunoda,17.0,RB,2024,Dutch Grand Prix,15
20,Kevin Magnussen,18.0,Haas F1 Team,2024,Dutch Grand Prix,15
77,Valtteri Bottas,19.0,Kick Sauber,2024,Dutch Grand Prix,15
24,Guanyu Zhou,20.0,Kick Sauber,2024,Dutch Grand Prix,15
16,Charles Leclerc,1.0,Ferrari,2024,Italian Grand Prix,16
81,Oscar Piastri,2.0,McLaren,2024,Italian Grand Prix,16
4,Lando Norris,3.0,McLaren,2024,Italian Grand Prix,16
55,Carlos Sainz,4.0,Ferrari,2024,Italian Grand Prix,16
44,Lewis Hamilton,5.0,Mercedes,2024,Italian Grand Prix,16
1,Max Verstappen,6.0,Red Bull Racing,2024,Italian Grand Prix,16
63,George Russell,7.0,Mercedes,2024,Italian Grand Prix,16
11,Sergio Perez,8.0,Red Bull Racing,2024,Italian Grand Prix,16
23,Alexander Albon,9.0,Williams,2024,Italian Grand Prix,16
20,Kevin Magnussen,10.0,Haas F1 Team,2024,Italian Grand Prix,16
14,Fernando Alonso,11.0,Aston Martin,2024,Italian Grand Prix,16
43,Franco Colapinto,12.0,Williams,2024,Italian Grand Prix,16
3,Daniel Ricciardo,13.0,RB,2024,Italian Grand Prix,16
31,Esteban Ocon,14.0,Alpine,2024,Italian Grand Prix,16
10,Pierre Gasly,15.0,Alpine,2024,Italian Grand Prix,16
77,Valtteri Bottas,16.0,Kick Sauber,2024,Italian Grand Prix,16
27,Nico Hulkenberg,17.0,Haas F1 Team,2024,Italian Grand Prix,16
24,Guanyu Zhou,18.0,Kick Sauber,2024,Italian Grand Prix,16
18,Lance Stroll,19.0,Aston Martin,2024,Italian Grand Prix,16
22,Yuki Tsunoda,20.0,RB,2024,Italian Grand Prix,16
81,Oscar Piastri,1.0,McLaren,2024,Azerbaijan Grand Prix,17
16,Charles Leclerc,2.0,Ferrari,2024,Azerbaijan Grand Prix,17
63,George Russell,3.0,Mercedes,2024,Azerbaijan Grand Prix,17
4,Lando Norris,4.0,McLaren,2024,Azerbaijan Grand Prix,17
1,Max Verstappen,5.0,Red Bull Racing,2024,Azerbaijan Grand Prix,17
14,Fernando Alonso,6.0,Aston Martin,2024,Azerbaijan Grand Prix,17
23,Alexander Albon,7.0,Williams,2024,Azerbaijan Grand Prix,17
43,Franco Colapinto,8.0,Williams,2024,Azerbaijan Grand Prix,17
44,Lewis Hamilton,9.0,Mercedes,2024,Azerbaijan Grand Prix,17
50,Oliver Bearman,10.0,Haas F1 Team,2024,Azerbaijan Grand Prix,17
27,Nico Hulkenberg,11.0,Haas F1 Team,2024,Azerbaijan Grand Prix,17
10,Pierre Gasly,12.0,Alpine,2024,Azerbaijan Grand Prix,17
3,Daniel Ricciardo,13.0,RB,2024,Azerbaijan Grand Prix,17
24,Guanyu Zhou,14.0,Kick Sauber,2024,Azerbaijan Grand Prix,17
31,Esteban Ocon,15.0,Alpine,2024,Azerbaijan Grand Prix,17
77,Valtteri Bottas,16.0,Kick Sauber,2024,Azerbaijan Grand Prix,17
11,Sergio Perez,17.0,Red Bull Racing,2024,Azerbaijan Grand Prix,17
55,Carlos Sainz,18.0,Ferrari,2024,Azerbaijan Grand Prix,17
18,Lance Stroll,19.0,Aston Martin,2024,Azerbaijan Grand Prix,17
22,Yuki Tsunoda,20.0,RB,2024,Azerbaijan Grand Prix,17
4,Lando Norris,1.0,McLaren,2024,Singapore Grand Prix,18
1,Max Verstappen,2.0,Red Bull Racing,2024,Singapore Grand Prix,18
81,Oscar Piastri,3.0,McLaren,2024,Singapore Grand Prix,18
63,George Russell,4.0,Mercedes,2024,Singapore Grand Prix,18
16,Charles Leclerc,5.0,Ferrari,2024,Singapore Grand Prix,18
44,Lewis Hamilton,6.0,Mercedes,2024,Singapore Grand Prix,18
55,Carlos Sainz,7.0,Ferrari,2024,Singapore Grand Prix,18
14,Fernando Alonso,8.0,Aston Martin,2024,Singapore Grand Prix,18
27,Nico Hulkenberg,9.0,Haas F1 Team,2024,Singapore Grand Prix,18
11,Sergio Perez,10.0,Red Bull Racing,2024,Singapore Grand Prix,18
43,Franco Colapinto,11.0,Williams,2024,Singapore Grand Prix,18
22,Yuki Tsunoda,12.0,RB,2024,Singapore Grand Prix,18
31,Esteban Ocon,13.0,Alpine,2024,Singapore Grand Prix,18
18,Lance Stroll,14.0,Aston Martin,2024,Singapore Grand Prix,18
24,Guanyu Zhou,15.0,Kick Sauber,2024,Singapore Grand Prix,18
77,Valtteri Bottas,16.0,Kick Sauber,2024,Singapore Grand Prix,18
10,Pierre Gasly,17.0,Alpine,2024,Singapore Grand Prix,18
3,Daniel Ricciardo,18.0,RB,2024,Singapore Grand Prix,18
20,Kevin Magnussen,19.0,Haas F1 Team,2024,Singapore Grand Prix,18
23,Alexander Albon,20.0,Williams,2024,Singapore Grand Prix,18
16,Charles Leclerc,1.0,Ferrari,2024,United States Grand Prix,19
55,Carlos Sainz,2.0,Ferrari,2024,United States Grand Prix,19
1,Max Verstappen,3.0,Red Bull Racing,2024,United States Grand Prix,19
4,Lando Norris,4.0,McLaren,2024,United States Grand Prix,19
81,Oscar Piastri,5.0,McLaren,2024,United States Grand Prix,19
63,George Russell,6.0,Mercedes,2024,United States Grand Prix,19
11,Sergio Perez,7.0,Red Bull Racing,2024,United States Grand Prix,19
27,Nico Hulkenberg,8.0,Haas F1 Team,2024,United States Grand Prix,19
30,Liam Lawson,9.0,RB,2024,United States Grand Prix,19
43,Franco Colapinto,10.0,Williams,2024,United States Grand Prix,19
20,Kevin Magnussen,11.0,Haas F1 Team,2024,United States Grand Prix,19
10,Pierre Gasly,12.0,Alpine,2024,United States Grand Prix,19
14,Fernando Alonso,13.0,Aston Martin,2024,United States Grand Prix,19
22,Yuki Tsunoda,14.0,RB,2024,United States Grand Prix,19
18,Lance Stroll,15.0,Aston Martin,2024,United States Grand Prix,19
23,Alexander Albon,16.0,Williams,2024,United States Grand Prix,19
77,Valtteri Bottas,17.0,Kick Sauber,2024,United States Grand Prix,19
31,Esteban Ocon,18.0,Alpine,2024,United States Grand Prix,19
24,Guanyu Zhou,19.0,Kick Sauber,2024,United States Grand Prix,19
44,Lewis Hamilton,20.0,Mercedes,2024,United States Grand Prix,19
55,Carlos Sainz,1.0,Ferrari,2024,Mexico City Grand Prix,20
4,Lando Norris,2.0,McLaren,2024,Mexico City Grand Prix,20
16,Charles Leclerc,3.0,Ferrari,2024,Mexico City Grand Prix,20
44,Lewis Hamilton,4.0,Mercedes,2024,Mexico City Grand Prix,20
63,George Russell,5.0,Mercedes,2024,Mexico City Grand Prix,20
1,Max Verstappen,6.0,Red Bull Racing,2024,Mexico City Grand Prix,20
20,Kevin Magnussen,7.0,Haas F1 Team,2024,Mexico City Grand Prix,20
81,Oscar Piastri,8.0,McLaren,2024,Mexico City Grand Prix,20
27,Nico Hulkenberg,9.0,Haas F1 Team,2024,Mexico City Grand Prix,20
10,Pierre Gasly,10.0,Alpine,2024,Mexico City Grand Prix,20
18,Lance Stroll,11.0,Aston Martin,2024,Mexico City Grand Prix,20
43,Franco Colapinto,12.0,Williams,2024,Mexico City Grand Prix,20
31,Esteban Ocon,13.0,Alpine,2024,Mexico City Grand Prix,20
77,Valtteri Bottas,14.0,Kick Sauber,2024,Mexico City Grand Prix,20
24,Guanyu Zhou,15.0,Kick Sauber,2024,Mexico City Grand Prix,20
30,Liam Lawson,16.0,RB,2024,Mexico City Grand Prix,20
11,Sergio Perez,17.0,Red Bull Racing,2024,Mexico City Grand Prix,20
14,Fernando Alonso,18.0,Aston Martin,2024,Mexico City Grand Prix,20
23,Alexander Albon,19.0,Williams,2024,Mexico City Grand Prix,20
22,Yuki Tsunoda,20.0,RB,2024,Mexico City Grand Prix,20
1,Max Verstappen,1.0,Red Bull Racing,2024,São Paulo Grand Prix,21
31,Esteban Ocon,2.0,Alpine,2024,São Paulo Grand Prix,21
10,Pierre Gasly,3.0,Alpine,2024,São Paulo Grand Prix,21
63,George Russell,4.0,Mercedes,2024,São Paulo Grand Prix,21
16,Charles Leclerc,5.0,Ferrari,2024,São Paulo Grand Prix,21
4,Lando Norris,6.0,McLaren,2024,São Paulo Grand Prix,21
22,Yuki Tsunoda,7.0,RB,2024,São Paulo Grand Prix,21
81,Oscar Piastri,8.0,McLaren,2024,São Paulo Grand Prix,21
30,Liam Lawson,9.0,RB,2024,São Paulo Grand Prix,21
44,Lewis Hamilton,10.0,Mercedes,2024,São Paulo Grand Prix,21
11,Sergio Perez,11.0,Red Bull Racing,2024,São Paulo Grand Prix,21
50,Oliver Bearman,12.0,Haas F1 Team,2024,São Paulo Grand Prix,21
77,Valtteri Bottas,13.0,Kick Sauber,2024,São Paulo Grand Prix,21
14,Fernando Alonso,14.0,Aston Martin,2024,São Paulo Grand Prix,21
24,Guanyu Zhou,15.0,Kick Sauber,2024,São Paulo Grand Prix,21
55,Carlos Sainz,16.0,Ferrari,2024,São Paulo Grand Prix,21
43,Franco Colapinto,17.0,Williams,2024,São Paulo Grand Prix,21
23,Alexander Albon,18.0,Williams,2024,São Paulo Grand Prix,21
18,Lance Stroll,19.0,Aston Martin,2024,São Paulo Grand Prix,21
27,Nico Hulkenberg,20.0,Haas F1 Team,2024,São Paulo Grand Prix,21
63,George Russell,1.0,Mercedes,2024,Las Vegas Grand Prix,22
44,Lewis Hamilton,2.0,Mercedes,2024,Las Vegas Grand Prix,22
55,Carlos Sainz,3.0,Ferrari,2024,Las Vegas Grand Prix,22
16,Charles Leclerc,4.0,Ferrari,2024,Las Vegas Grand Prix,22
1,Max Verstappen,5.0,Red Bull Racing,2024,Las Vegas Grand Prix,22
4,Lando Norris,6.0,McLaren,2024,Las Vegas Grand Prix,22
81,Oscar Piastri,7.0,McLaren,2024,Las Vegas Grand Prix,22
27,Nico Hulkenberg,8.0,Haas F1 Team,2024,Las Vegas Grand Prix,22
22,Yuki Tsunoda,9.0,RB,2024,Las Vegas Grand Prix,22
11,Sergio Perez,10.0,Red Bull Racing,2024,Las Vegas Grand Prix,22
14,Fernando Alonso,11.0,Aston Martin,2024,Las Vegas Grand Prix,22
20,Kevin Magnussen,12.0,Haas F1 Team,2024,Las Vegas Grand Prix,22
24,Guanyu Zhou,13.0,Kick Sauber,2024,Las Vegas Grand Prix,22
43,Franco Colapinto,14.0,Williams,2024,Las Vegas Grand Prix,22
18,Lance Stroll,15.0,Aston Martin,2024,Las Vegas Grand Prix,22
30,Liam Lawson,16.0,RB,2024,Las Vegas Grand Prix,22
31,Esteban Ocon,17.0,Alpine,2024,Las Vegas Grand Prix,22
77,Valtteri Bottas,18.0,Kick Sauber,2024,Las Vegas Grand Prix,22
23,Alexander Albon,19.0,Williams,2024,Las Vegas Grand Prix,22
10,Pierre Gasly,20.0,Alpine,2024,Las Vegas Grand Prix,22
1,Max Verstappen,1.0,Red Bull Racing,2024,Qatar Grand Prix,23
16,Charles Leclerc,2.0,Ferrari,2024,Qatar Grand Prix,23
81,Oscar Piastri,3.0,McLaren,2024,Qatar Grand Prix,23
63,George Russell,4.0,Mercedes,2024,Qatar Grand Prix,23
10,Pierre Gasly,5.0,Alpine,2024,Qatar Grand Prix,23
55,Carlos Sainz,6.0,Ferrari,2024,Qatar Grand Prix,23
14,Fernando Alonso,7.0,Aston Martin,2024,Qatar Grand Prix,23
24,Guanyu Zhou,8.0,Kick Sauber,2024,Qatar Grand Prix,23
20,Kevin Magnussen,9.0,Haas F1 Team,2024,Qatar Grand Prix,23
4,Lando Norris,10.0,McLaren,2024,Qatar Grand Prix,23
77,Valtteri Bottas,11.0,Kick Sauber,2024,Qatar Grand Prix,23
44,Lewis Hamilton,12.0,Mercedes,2024,Qatar Grand Prix,23
22,Yuki Tsunoda,13.0,RB,2024,Qatar Grand Prix,23
30,Liam Lawson,14.0,RB,2024,Qatar Grand Prix,23
23,Alexander Albon,15.0,Williams,2024,Qatar Grand Prix,23
27,Nico Hulkenberg,16.0,Haas F1 Team,2024,Qatar Grand Prix,23
11,Sergio Perez,17.0,Red Bull Racing,2024,Qatar Grand Prix,23
18,Lance Stroll,18.0,Aston Martin,2024,Qatar Grand Prix,23
43,Franco Colapinto,19.0,Williams,2024,Qatar Grand Prix,23
31,Esteban Ocon,20.0,Alpine,2024,Qatar Grand Prix,23
4,Lando Norris,1.0,McLaren,2024,Abu Dhabi Grand Prix,24
55,Carlos Sainz,2.0,Ferrari,2024,Abu Dhabi Grand Prix,24
16,Charles Leclerc,3.0,Ferrari,2024,Abu Dhabi Grand Prix,24
44,Lewis Hamilton,4.0,Mercedes,2024,Abu Dhabi Grand Prix,24
63,George Russell,5.0,Mercedes,2024,Abu Dhabi Grand Prix,24
1,Max Verstappen,6.0,Red Bull Racing,2024,Abu Dhabi Grand Prix,24
10,Pierre Gasly,7.0,Alpine,2024,Abu Dhabi Grand Prix,24
27,Nico Hulkenberg,8.0,Haas F1 Team,2024,Abu Dhabi Grand Prix,24
14,Fernando Alonso,9.0,Aston Martin,2024,Abu Dhabi Grand Prix,24
81,Oscar Piastri,10.0,McLaren,2024,Abu Dhabi Grand Prix,24
23,Alexander Albon,11.0,Williams,2024,Abu Dhabi Grand Prix,24
22,Yuki Tsunoda,12.0,RB,2024,Abu Dhabi Grand Prix,24
24,Guanyu Zhou,13.0,Kick Sauber,2024,Abu Dhabi Grand Prix,24
18,Lance Stroll,14.0,Aston Martin,2024,Abu Dhabi Grand Prix,24
61,Jack Doohan,15.0,Alpine,2024,Abu Dhabi Grand Prix,24
20,Kevin Magnussen,16.0,Haas F1 Team,2024,Abu Dhabi Grand Prix,24
30,Liam Lawson,17.0,RB,2024,Abu Dhabi Grand Prix,24
77,Valtteri Bottas,18.0,Kick Sauber,2024,Abu Dhabi Grand Prix,24
43,Franco Colapinto,19.0,Williams,2024,Abu Dhabi Grand Prix,24
11,Sergio Perez,20.0,Red Bull Racing,2024,Abu Dhabi Grand Prix,24
4,Lando Norris,1.0,McLaren,2025,Australian Grand Prix,1
1,Max Verstappen,2.0,Red Bull Racing,2025,Australian Grand Prix,1
63,George Russell,3.0,Mercedes,2025,Australian Grand Prix,1
12,Andrea Kimi Antonelli,4.0,Mercedes,2025,Australian Grand Prix,1
23,Alexander Albon,5.0,Williams,2025,Australian Grand Prix,1
18,Lance Stroll,6.0,Aston Martin,2025,Australian Grand Prix,1
27,Nico Hulkenberg,7.0,Kick Sauber,2025,Australian Grand Prix,1
16,Charles Leclerc,8.0,Ferrari,2025,Australian Grand Prix,1
81,Oscar Piastri,9.0,McLaren,2025,Australian Grand Prix,1
44,Lewis Hamilton,10.0,Ferrari,2025,Australian Grand Prix,1
10,Pierre Gasly,11.0,Alpine,2025,Australian Grand Prix,1
22,Yuki Tsunoda,12.0,Racing Bulls,2025,Australian Grand Prix,1
31,Esteban Ocon,13.0,Haas F1 Team,2025,Australian Grand Prix,1
87,Oliver Bearman,14.0,Haas F1 Team,2025,Australian Grand Prix,1
30,Liam Lawson,15.0,Red Bull Racing,2025,Australian Grand Prix,1
5,Gabriel Bortoleto,16.0,Kick Sauber,2025,Australian Grand Prix,1
14,Fernando Alonso,17.0,Aston Martin,2025,Australian Grand Prix,1
55,Carlos Sainz,18.0,Williams,2025,Australian Grand Prix,1
7,Jack Doohan,19.0,Alpine,2025,Australian Grand Prix,1
6,Isack Hadjar,20.0,Racing Bulls,2025,Australian Grand Prix,1
81,Oscar Piastri,1.0,McLaren,2025,Chinese Grand Prix,2
4,Lando Norris,2.0,McLaren,2025,Chinese Grand Prix,2
63,George Russell,3.0,Mercedes,2025,Chinese Grand Prix,2
1,Max Verstappen,4.0,Red Bull Racing,2025,Chinese Grand Prix,2
31,Esteban Ocon,5.0,Haas F1 Team,2025,Chinese Grand Prix,2
12,Kimi Antonelli,6.0,Mercedes,2025,Chinese Grand Prix,2
23,Alexander Albon,7.0,Williams,2025,Chinese Grand Prix,2
87,Oliver Bearman,8.0,Haas F1 Team,2025,Chinese Grand Prix,2
18,Lance Stroll,9.0,Aston Martin,2025,Chinese Grand Prix,2
55,Carlos Sainz,10.0,Williams,2025,Chinese Grand Prix,2
6,Isack Hadjar,11.0,Racing Bulls,2025,Chinese Grand Prix,2
30,Liam Lawson,12.0,Red Bull Racing,2025,Chinese Grand Prix,2
7,Jack Doohan,13.0,Alpine,2025,Chinese Grand Prix,2
5,Gabriel Bortoleto,14.0,Kick Sauber,2025,Chinese Grand Prix,2
27,Nico Hulkenberg,15.0,Kick Sauber,2025,Chinese Grand Prix,2
22,Yuki Tsunoda,16.0,Racing Bulls,2025,Chinese Grand Prix,2
14,Fernando Alonso,17.0,Aston Martin,2025,Chinese Grand Prix,2
16,Charles Leclerc,18.0,Ferrari,2025,Chinese Grand Prix,2
44,Lewis Hamilton,19.0,Ferrari,2025,Chinese Grand Prix,2
10,Pierre Gasly,20.0,Alpine,2025,Chinese Grand Prix,2
1,Max Verstappen,1.0,Red Bull Racing,2025,Japanese Grand Prix,3
4,Lando Norris,2.0,McLaren,2025,Japanese Grand Prix,3
81,Oscar Piastri,3.0,McLaren,2025,Japanese Grand Prix,3
16,Charles Leclerc,4.0,Ferrari,2025,Japanese Grand Prix,3
63,George Russell,5.0,Mercedes,2025,Japanese Grand Prix,3
12,Kimi Antonelli,6.0,Mercedes,2025,Japanese Grand Prix,3
44,Lewis Hamilton,7.0,Ferrari,2025,Japanese Grand Prix,3
6,Isack Hadjar,8.0,Racing Bulls,2025,Japanese Grand Prix,3
23,Alexander Albon,9.0,Williams,2025,Japanese Grand Prix,3
87,Oliver Bearman,10.0,Haas F1 Team,2025,Japanese Grand Prix,3
14,Fernando Alonso,11.0,Aston Martin,2025,Japanese Grand Prix,3
22,Yuki Tsunoda,12.0,Red Bull Racing,2025,Japanese Grand Prix,3
10,Pierre Gasly,13.0,Alpine,2025,Japanese Grand Prix,3
55,Carlos Sainz,14.0,Williams,2025,Japanese Grand Prix,3
7,Jack Doohan,15.0,Alpine,2025,Japanese Grand Prix,3
27,Nico Hulkenberg,16.0,Kick Sauber,2025,Japanese Grand Prix,3
30,Liam Lawson,17.0,Racing Bulls,2025,Japanese Grand Prix,3
31,Esteban Ocon,18.0,Haas F1 Team,2025,Japanese Grand Prix,3
5,Gabriel Bortoleto,19.0,Kick Sauber,2025,Japanese Grand Prix,3
18,Lance Stroll,20.0,Aston Martin,2025,Japanese Grand Prix,3
81,Oscar Piastri,1.0,McLaren,2025,Bahrain Grand Prix,4
63,George Russell,2.0,Mercedes,2025,Bahrain Grand Prix,4
4,Lando Norris,3.0,McLaren,2025,Bahrain Grand Prix,4
16,Charles Leclerc,4.0,Ferrari,2025,Bahrain Grand Prix,4
44,Lewis Hamilton,5.0,Ferrari,2025,Bahrain Grand Prix,4
1,Max Verstappen,6.0,Red Bull Racing,2025,Bahrain Grand Prix,4
10,Pierre Gasly,7.0,Alpine,2025,Bahrain Grand Prix,4
31,Esteban Ocon,8.0,Haas F1 Team,2025,Bahrain Grand Prix,4
22,Yuki Tsunoda,9.0,Red Bull Racing,2025,Bahrain Grand Prix,4
87,Oliver Bearman,10.0,Haas F1 Team,2025,Bahrain Grand Prix,4
12,Kimi Antonelli,11.0,Mercedes,2025,Bahrain Grand Prix,4
23,Alexander Albon,12.0,Williams,2025,Bahrain Grand Prix,4
6,Isack Hadjar,13.0,Racing Bulls,2025,Bahrain Grand Prix,4
7,Jack Doohan,14.0,Alpine,2025,Bahrain Grand Prix,4
14,Fernando Alonso,15.0,Aston Martin,2025,Bahrain Grand Prix,4
30,Liam Lawson,16.0,Racing Bulls,2025,Bahrain Grand Prix,4
18,Lance Stroll,17.0,Aston Martin,2025,Bahrain Grand Prix,4
5,Gabriel Bortoleto,18.0,Kick Sauber,2025,Bahrain Grand Prix,4
55,Carlos Sainz,19.0,Williams,2025,Bahrain Grand Prix,4
27,Nico Hulkenberg,20.0,Kick Sauber,2025,Bahrain Grand Prix,4
81,Oscar Piastri,1.0,McLaren,2025,Saudi Arabian Grand Prix,5
1,Max Verstappen,2.0,Red Bull Racing,2025,Saudi Arabian Grand Prix,5
16,Charles Leclerc,3.0,Ferrari,2025,Saudi Arabian Grand Prix,5
4,Lando Norris,4.0,McLaren,2025,Saudi Arabian Grand Prix,5
63,George Russell,5.0,Mercedes,2025,Saudi Arabian Grand Prix,5
12,Kimi Antonelli,6.0,Mercedes,2025,Saudi Arabian Grand Prix,5
44,Lewis Hamilton,7.0,Ferrari,2025,Saudi Arabian Grand Prix,5
55,Carlos Sainz,8.0,Williams,2025,Saudi Arabian Grand Prix,5
23,Alexander Albon,9.0,Williams,2025,Saudi Arabian Grand Prix,5
6,Isack Hadjar,10.0,Racing Bulls,2025,Saudi Arabian Grand Prix,5
14,Fernando Alonso,11.0,Aston Martin,2025,Saudi Arabian Grand Prix,5
30,Liam Lawson,12.0,Racing Bulls,2025,Saudi Arabian Grand Prix,5
87,Oliver Bearman,13.0,Haas F1 Team,2025,Saudi Arabian Grand Prix,5
31,Esteban Ocon,14.0,Haas F1 Team,2025,Saudi Arabian Grand Prix,5
27,Nico Hulkenberg,15.0,Kick Sauber,2025,Saudi Arabian Grand Prix,5
18,Lance Stroll,16.0,Aston Martin,2025,Saudi Arabian Grand Prix,5
7,Jack Doohan,17.0,Alpine,2025,Saudi Arabian Grand Prix,5
5,Gabriel Bortoleto,18.0,Kick Sauber,2025,Saudi Arabian Grand Prix,5
22,Yuki Tsunoda,19.0,Red Bull Racing,2025,Saudi Arabian Grand Prix,5
10,Pierre Gasly,20.0,Alpine,2025,Saudi Arabian Grand Prix,5
81,Oscar Piastri,1.0,McLaren,2025,Miami Grand Prix,6
4,Lando Norris,2.0,McLaren,2025,Miami Grand Prix,6
63,George Russell,3.0,Mercedes,2025,Miami Grand Prix,6
1,Max Verstappen,4.0,Red Bull Racing,2025,Miami Grand Prix,6
23,Alexander Albon,5.0,Williams,2025,Miami Grand Prix,6
12,Kimi Antonelli,6.0,Mercedes,2025,Miami Grand Prix,6
16,Charles Leclerc,7.0,Ferrari,2025,Miami Grand Prix,6
44,Lewis Hamilton,8.0,Ferrari,2025,Miami Grand Prix,6
55,Carlos Sainz,9.0,Williams,2025,Miami Grand Prix,6
22,Yuki Tsunoda,10.0,Red Bull Racing,2025,Miami Grand Prix,6
6,Isack Hadjar,11.0,Racing Bulls,2025,Miami Grand Prix,6
31,Esteban Ocon,12.0,Haas F1 Team,2025,Miami Grand Prix,6
10,Pierre Gasly,13.0,Alpine,2025,Miami Grand Prix,6
27,Nico Hulkenberg,14.0,Kick Sauber,2025,Miami Grand Prix,6
14,Fernando Alonso,15.0,Aston Martin,2025,Miami Grand Prix,6
18,Lance Stroll,16.0,Aston Martin,2025,Miami Grand Prix,6
30,Liam Lawson,17.0,Racing Bulls,2025,Miami Grand Prix,6
5,Gabriel Bortoleto,18.0,Kick Sauber,2025,Miami Grand Prix,6
87,Oliver Bearman,19.0,Haas F1 Team,2025,Miami Grand Prix,6
7,Jack Doohan,20.0,Alpine,2025,Miami Grand Prix,6
1,Max Verstappen,1.0,Red Bull Racing,2025,Emilia Romagna Grand Prix,7
4,Lando Norris,2.0,McLaren,2025,Emilia Romagna Grand Prix,7
81,Oscar Piastri,3.0,McLaren,2025,Emilia Romagna Grand Prix,7
44,Lewis Hamilton,4.0,Ferrari,2025,Emilia Romagna Grand Prix,7
23,Alexander Albon,5.0,Williams,2025,Emilia Romagna Grand Prix,7
16,Charles Leclerc,6.0,Ferrari,2025,Emilia Romagna Grand Prix,7
63,George Russell,7.0,Mercedes,2025,Emilia Romagna Grand Prix,7
55,Carlos Sainz,8.0,Williams,2025,Emilia Romagna Grand Prix,7
6,Isack Hadjar,9.0,Racing Bulls,2025,Emilia Romagna Grand Prix,7
22,Yuki Tsunoda,10.0,Red Bull Racing,2025,Emilia Romagna Grand Prix,7
14,Fernando Alonso,11.0,Aston Martin,2025,Emilia Romagna Grand Prix,7
27,Nico Hulkenberg,12.0,Kick Sauber,2025,Emilia Romagna Grand Prix,7
10,Pierre Gasly,13.0,Alpine,2025,Emilia Romagna Grand Prix,7
30,Liam Lawson,14.0,Racing Bulls,2025,Emilia Romagna Grand Prix,7
18,Lance Stroll,15.0,Aston Martin,2025,Emilia Romagna Grand Prix,7
43,Franco Colapinto,16.0,Alpine,2025,Emilia Romagna Grand Prix,7
87,Oliver Bearman,17.0,Haas F1 Team,2025,Emilia Romagna Grand Prix,7
5,Gabriel Bortoleto,18.0,Kick Sauber,2025,Emilia Romagna Grand Prix,7
12,Kimi Antonelli,19.0,Mercedes,2025,Emilia Romagna Grand Prix,7
31,Esteban Ocon,20.0,Haas F1 Team,2025,Emilia Romagna Grand Prix,7
4,Lando Norris,1.0,McLaren,2025,Monaco Grand Prix,8
16,Charles Leclerc,2.0,Ferrari,2025,Monaco Grand Prix,8
81,Oscar Piastri,3.0,McLaren,2025,Monaco Grand Prix,8
1,Max Verstappen,4.0,Red Bull Racing,2025,Monaco Grand Prix,8
44,Lewis Hamilton,5.0,Ferrari,2025,Monaco Grand Prix,8
6,Isack Hadjar,6.0,Racing Bulls,2025,Monaco Grand Prix,8
31,Esteban Ocon,7.0,Haas F1 Team,2025,Monaco Grand Prix,8
30,Liam Lawson,8.0,Racing Bulls,2025,Monaco Grand Prix,8
23,Alexander Albon,9.0,Williams,2025,Monaco Grand Prix,8
55,Carlos Sainz,10.0,Williams,2025,Monaco Grand Prix,8
63,George Russell,11.0,Mercedes,2025,Monaco Grand Prix,8
87,Oliver Bearman,12.0,Haas F1 Team,2025,Monaco Grand Prix,8
43,Franco Colapinto,13.0,Alpine,2025,Monaco Grand Prix,8
5,Gabriel Bortoleto,14.0,Kick Sauber,2025,Monaco Grand Prix,8
18,Lance Stroll,15.0,Aston Martin,2025,Monaco Grand Prix,8
27,Nico Hulkenberg,16.0,Kick Sauber,2025,Monaco Grand Prix,8
22,Yuki Tsunoda,17.0,Red Bull Racing,2025,Monaco Grand Prix,8
12,Kimi Antonelli,18.0,Mercedes,2025,Monaco Grand Prix,8
14,Fernando Alonso,19.0,Aston Martin,2025,Monaco Grand Prix,8
10,Pierre Gasly,20.0,Alpine,2025,Monaco Grand Prix,8
81,Oscar Piastri,1.0,McLaren,2025,Spanish Grand Prix,9
4,Lando Norris,2.0,McLaren,2025,Spanish Grand Prix,9
16,Charles Leclerc,3.0,Ferrari,2025,Spanish Grand Prix,9
63,George Russell,4.0,Mercedes,2025,Spanish Grand Prix,9
27,Nico Hulkenberg,5.0,Kick Sauber,2025,Spanish Grand Prix,9
44,Lewis Hamilton,6.0,Ferrari,2025,Spanish Grand Prix,9
6,Isack Hadjar,7.0,Racing Bulls,2025,Spanish Grand Prix,9
10,Pierre Gasly,8.0,Alpine,2025,Spanish Grand Prix,9
14,Fernando Alonso,9.0,Aston Martin,2025,Spanish Grand Prix,9
1,Max Verstappen,10.0,Red Bull Racing,2025,Spanish Grand Prix,9
30,Liam Lawson,11.0,Racing Bulls,2025,Spanish Grand Prix,9
5,Gabriel Bortoleto,12.0,Kick Sauber,2025,Spanish Grand Prix,9
22,Yuki Tsunoda,13.0,Red Bull Racing,2025,Spanish Grand Prix,9
55,Carlos Sainz,14.0,Williams,2025,Spanish Grand Prix,9
43,Franco Colapinto,15.0,Alpine,2025,Spanish Grand Prix,9
31,Esteban Ocon,16.0,Haas F1 Team,2025,Spanish Grand Prix,9
87,Oliver Bearman,17.0,Haas F1 Team,2025,Spanish Grand Prix,9
12,Kimi Antonelli,18.0,Mercedes,2025,Spanish Grand Prix,9
23,Alexander Albon,19.0,Williams,2025,Spanish Grand Prix,9
63,George Russell,1.0,Mercedes,2025,Canadian Grand Prix,10
1,Max Verstappen,2.0,Red Bull Racing,2025,Canadian Grand Prix,10
12,Kimi Antonelli,3.0,Mercedes,2025,Canadian Grand Prix,10
81,Oscar Piastri,4.0,McLaren,2025,Canadian Grand Prix,10
16,Charles Leclerc,5.0,Ferrari,2025,Canadian Grand Prix,10
44,Lewis Hamilton,6.0,Ferrari,2025,Canadian Grand Prix,10
14,Fernando Alonso,7.0,Aston Martin,2025,Canadian Grand Prix,10
27,Nico Hulkenberg,8.0,Kick Sauber,2025,Canadian Grand Prix,10
31,Esteban Ocon,9.0,Haas F1 Team,2025,Canadian Grand Prix,10
55,Carlos Sainz,10.0,Williams,2025,Canadian Grand Prix,10
87,Oliver Bearman,11.0,Haas F1 Team,2025,Canadian Grand Prix,10
22,Yuki Tsunoda,12.0,Red Bull Racing,2025,Canadian Grand Prix,10
43,Franco Colapinto,13.0,Alpine,2025,Canadian Grand Prix,10
5,Gabriel Bortoleto,14.0,Kick Sauber,2025,Canadian Grand Prix,10
10,Pierre Gasly,15.0,Alpine,2025,Canadian Grand Prix,10
6,Isack Hadjar,16.0,Racing Bulls,2025,Canadian Grand Prix,10
18,Lance Stroll,17.0,Aston Martin,2025,Canadian Grand Prix,10
4,Lando Norris,18.0,McLaren,2025,Canadian Grand Prix,10
30,Liam Lawson,19.0,Racing Bulls,2025,Canadian Grand Prix,10
23,Alexander Albon,20.0,Williams,2025,Canadian Grand Prix,10
4,Lando Norris,1.0,McLaren,2025,Austrian Grand Prix,11
81,Oscar Piastri,2.0,McLaren,2025,Austrian Grand Prix,11
16,Charles Leclerc,3.0,Ferrari,2025,Austrian Grand Prix,11
44,Lewis Hamilton,4.0,Ferrari,2025,Austrian Grand Prix,11
63,George Russell,5.0,Mercedes,2025,Austrian Grand Prix,11
30,Liam Lawson,6.0,Racing Bulls,2025,Austrian Grand Prix,11
14,Fernando Alonso,7.0,Aston Martin,2025,Austrian Grand Prix,11
5,Gabriel Bortoleto,8.0,Kick Sauber,2025,Austrian Grand Prix,11
27,Nico Hulkenberg,9.0,Kick Sauber,2025,Austrian Grand Prix,11
31,Esteban Ocon,10.0,Haas F1 Team,2025,Austrian Grand Prix,11
87,Oliver Bearman,11.0,Haas F1 Team,2025,Austrian Grand Prix,11
6,Isack Hadjar,12.0,Racing Bulls,2025,Austrian Grand Prix,11
10,Pierre Gasly,13.0,Alpine,2025,Austrian Grand Prix,11
18,Lance Stroll,14.0,Aston Martin,2025,Austrian Grand Prix,11
43,Franco Colapinto,15.0,Alpine,2025,Austrian Grand Prix,11
22,Yuki Tsunoda,16.0,Red Bull Racing,2025,Austrian Grand Prix,11
23,Alexander Albon,17.0,Williams,2025,Austrian Grand Prix,11
1,Max Verstappen,18.0,Red Bull Racing,2025,Austrian Grand Prix,11
12,Kimi Antonelli,19.0,Mercedes,2025,Austrian Grand Prix,11
55,Carlos Sainz,20.0,Williams,2025,Austrian Grand Prix,11
4,Lando Norris,1.0,McLaren,2025,British Grand Prix,12
81,Oscar Piastri,2.0,McLaren,2025,British Grand Prix,12
27,Nico Hulkenberg,3.0,Kick Sauber,2025,British Grand Prix,12
44,Lewis Hamilton,4.0,Ferrari,2025,British Grand Prix,12
1,Max Verstappen,5.0,Red Bull Racing,2025,British Grand Prix,12
10,Pierre Gasly,6.0,Alpine,2025,British Grand Prix,12
18,Lance Stroll,7.0,Aston Martin,2025,British Grand Prix,12
23,Alexander Albon,8.0,Williams,2025,British Grand Prix,12
14,Fernando Alonso,9.0,Aston Martin,2025,British Grand Prix,12
63,George Russell,10.0,Mercedes,2025,British Grand Prix,12
87,Oliver Bearman,11.0,Haas F1 Team,2025,British Grand Prix,12
55,Carlos Sainz,12.0,Williams,2025,British Grand Prix,12
31,Esteban Ocon,13.0,Haas F1 Team,2025,British Grand Prix,12
16,Charles Leclerc,14.0,Ferrari,2025,British Grand Prix,12
22,Yuki Tsunoda,15.0,Red Bull Racing,2025,British Grand Prix,12
12,Kimi Antonelli,16.0,Mercedes,2025,British Grand Prix,12
6,Isack Hadjar,17.0,Racing Bulls,2025,British Grand Prix,12
5,Gabriel Bortoleto,18.0,Kick Sauber,2025,British Grand Prix,12
30,Liam Lawson,19.0,Racing Bulls,2025,British Grand Prix,12
43,Franco Colapinto,20.0,Alpine,2025,British Grand Prix,12
81,Oscar Piastri,1.0,McLaren,2025,Belgian Grand Prix,13
4,Lando Norris,2.0,McLaren,2025,Belgian Grand Prix,13
16,Charles Leclerc,3.0,Ferrari,2025,Belgian Grand Prix,13
1,Max Verstappen,4.0,Red Bull Racing,2025,Belgian Grand Prix,13
63,George Russell,5.0,Mercedes,2025,Belgian Grand Prix,13
23,Alexander Albon,6.0,Williams,2025,Belgian Grand Prix,13
44,Lewis Hamilton,7.0,Ferrari,2025,Belgian Grand Prix,13
30,Liam Lawson,8.0,Racing Bulls,2025,Belgian Grand Prix,13
5,Gabriel Bortoleto,9.0,Kick Sauber,2025,Belgian Grand Prix,13
10,Pierre Gasly,10.0,Alpine,2025,Belgian Grand Prix,13
87,Oliver Bearman,11.0,Haas F1 Team,2025,Belgian Grand Prix,13
27,Nico Hulkenberg,12.0,Kick Sauber,2025,Belgian Grand Prix,13
22,Yuki Tsunoda,13.0,Red Bull Racing,2025,Belgian Grand Prix,13
18,Lance Stroll,14.0,Aston Martin,2025,Belgian Grand Prix,13
31,Esteban Ocon,15.0,Haas F1 Team,2025,Belgian Grand Prix,13
12,Kimi Antonelli,16.0,Mercedes,2025,Belgian Grand Prix,13
14,Fernando Alonso,17.0,Aston Martin,2025,Belgian Grand Prix,13
55,Carlos Sainz,18.0,Williams,2025,Belgian Grand Prix,13
43,Franco Colapinto,19.0,Alpine,2025,Belgian Grand Prix,13
6,Isack Hadjar,20.0,Racing Bulls,2025,Belgian Grand Prix,13
4,Lando Norris,1.0,McLaren,2025,Hungarian Grand Prix,14
81,Oscar Piastri,2.0,McLaren,2025,Hungarian Grand Prix,14
63,George Russell,3.0,Mercedes,2025,Hungarian Grand Prix,14
16,Charles Leclerc,4.0,Ferrari,2025,Hungarian Grand Prix,14
14,Fernando Alonso,5.0,Aston Martin,2025,Hungarian Grand Prix,14
5,Gabriel Bortoleto,6.0,Kick Sauber,2025,Hungarian Grand Prix,14
18,Lance Stroll,7.0,Aston Martin,2025,Hungarian Grand Prix,14
30,Liam Lawson,8.0,Racing Bulls,2025,Hungarian Grand Prix,14
1,Max Verstappen,9.0,Red Bull Racing,2025,Hungarian Grand Prix,14
12,Kimi Antonelli,10.0,Mercedes,2025,Hungarian Grand Prix,14
6,Isack Hadjar,11.0,Racing Bulls,2025,Hungarian Grand Prix,14
44,Lewis Hamilton,12.0,Ferrari,2025,Hungarian Grand Prix,14
27,Nico Hulkenberg,13.0,Kick Sauber,2025,Hungarian Grand Prix,14
55,Carlos Sainz,14.0,Williams,2025,Hungarian Grand Prix,14
23,Alexander Albon,15.0,Williams,2025,Hungarian Grand Prix,14
31,Esteban Ocon,16.0,Haas F1 Team,2025,Hungarian Grand Prix,14
22,Yuki Tsunoda,17.0,Red Bull Racing,2025,Hungarian Grand Prix,14
43,Franco Colapinto,18.0,Alpine,2025,Hungarian Grand Prix,14
10,Pierre Gasly,19.0,Alpine,2025,Hungarian Grand Prix,14
87,Oliver Bearman,20.0,Haas F1 Team,2025,Hungarian Grand Prix,14
81,Oscar Piastri,1.0,McLaren,2025,Dutch Grand Prix,15
1,Max Verstappen,2.0,Red Bull Racing,2025,Dutch Grand Prix,15
6,Isack Hadjar,3.0,Racing Bulls,2025,Dutch Grand Prix,15
63,George Russell,4.0,Mercedes,2025,Dutch Grand Prix,15
23,Alexander Albon,5.0,Williams,2025,Dutch Grand Prix,15
87,Oliver Bearman,6.0,Haas F1 Team,2025,Dutch Grand Prix,15
18,Lance Stroll,7.0,Aston Martin,2025,Dutch Grand Prix,15
14,Fernando Alonso,8.0,Aston Martin,2025,Dutch Grand Prix,15
22,Yuki Tsunoda,9.0,Red Bull Racing,2025,Dutch Grand Prix,15
31,Esteban Ocon,10.0,Haas F1 Team,2025,Dutch Grand Prix,15
43,Franco Colapinto,11.0,Alpine,2025,Dutch Grand Prix,15
30,Liam Lawson,12.0,Racing Bulls,2025,Dutch Grand Prix,15
55,Carlos Sainz,13.0,Williams,2025,Dutch Grand Prix,15
27,Nico Hulkenberg,14.0,Kick Sauber,2025,Dutch Grand Prix,15
5,Gabriel Bortoleto,15.0,Kick Sauber,2025,Dutch Grand Prix,15
12,Kimi Antonelli,16.0,Mercedes,2025,Dutch Grand Prix,15
10,Pierre Gasly,17.0,Alpine,2025,Dutch Grand Prix,15
4,Lando Norris,18.0,McLaren,2025,Dutch Grand Prix,15
16,Charles Leclerc,19.0,Ferrari,2025,Dutch Grand Prix,15
44,Lewis Hamilton,20.0,Ferrari,2025,Dutch Grand Prix,15
1,Max Verstappen,1.0,Red Bull Racing,2025,Italian Grand Prix,16
4,Lando Norris,2.0,McLaren,2025,Italian Grand Prix,16
81,Oscar Piastri,3.0,McLaren,2025,Italian Grand Prix,16
16,Charles Leclerc,4.0,Ferrari,2025,Italian Grand Prix,16
63,George Russell,5.0,Mercedes,2025,Italian Grand Prix,16
44,Lewis Hamilton,6.0,Ferrari,2025,Italian Grand Prix,16
23,Alexander Albon,7.0,Williams,2025,Italian Grand Prix,16
5,Gabriel Bortoleto,8.0,Kick Sauber,2025,Italian Grand Prix,16
12,Kimi Antonelli,9.0,Mercedes,2025,Italian Grand Prix,16
6,Isack Hadjar,10.0,Racing Bulls,2025,Italian Grand Prix,16
55,Carlos Sainz,11.0,Williams,2025,Italian Grand Prix,16
87,Oliver Bearman,12.0,Haas F1 Team,2025,Italian Grand Prix,16
22,Yuki Tsunoda,13.0,Red Bull Racing,2025,Italian Grand Prix,16
30,Liam Lawson,14.0,Racing Bulls,2025,Italian Grand Prix,16
31,Esteban Ocon,15.0,Haas F1 Team,2025,Italian Grand Prix,16
10,Pierre Gasly,16.0,Alpine,2025,Italian Grand Prix,16
43,Franco Colapinto,17.0,Alpine,2025,Italian Grand Prix,16
18,Lance Stroll,18.0,Aston Martin,2025,Italian Grand Prix,16
14,Fernando Alonso,19.0,Aston Martin,2025,Italian Grand Prix,16
27,Nico Hulkenberg,20.0,Kick Sauber,2025,Italian Grand Prix,16
1,Max Verstappen,1.0,Red Bull Racing,2025,Azerbaijan Grand Prix,17
63,George Russell,2.0,Mercedes,2025,Azerbaijan Grand Prix,17
55,Carlos Sainz,3.0,Williams,2025,Azerbaijan Grand Prix,17
12,Kimi Antonelli,4.0,Mercedes,2025,Azerbaijan Grand Prix,17
30,Liam Lawson,5.0,Racing Bulls,2025,Azerbaijan Grand Prix,17
22,Yuki Tsunoda,6.0,Red Bull Racing,2025,Azerbaijan Grand Prix,17
4,Lando Norris,7.0,McLaren,2025,Azerbaijan Grand Prix,17
44,Lewis Hamilton,8.0,Ferrari,2025,Azerbaijan Grand Prix,17
16,Charles Leclerc,9.0,Ferrari,2025,Azerbaijan Grand Prix,17
6,Isack Hadjar,10.0,Racing Bulls,2025,Azerbaijan Grand Prix,17
5,Gabriel Bortoleto,11.0,Kick Sauber,2025,Azerbaijan Grand Prix,17
87,Oliver Bearman,12.0,Haas F1 Team,2025,Azerbaijan Grand Prix,17
23,Alexander Albon,13.0,Williams,2025,Azerbaijan Grand Prix,17
31,Esteban Ocon,14.0,Haas F1 Team,2025,Azerbaijan Grand Prix,17
14,Fernando Alonso,15.0,Aston Martin,2025,Azerbaijan Grand Prix,17
27,Nico Hulkenberg,16.0,Kick Sauber,2025,Azerbaijan Grand Prix,17
18,Lance Stroll,17.0,Aston Martin,2025,Azerbaijan Grand Prix,17
10,Pierre Gasly,18.0,Alpine,2025,Azerbaijan Grand Prix,17
43,Franco Colapinto,19.0,Alpine,2025,Azerbaijan Grand Prix,17
81,Oscar Piastri,20.0,McLaren,2025,Azerbaijan Grand Prix,17
63,George Russell,1.0,Mercedes,2025,Singapore Grand Prix,18
1,Max Verstappen,2.0,Red Bull Racing,2025,Singapore Grand Prix,18
4,Lando Norris,3.0,McLaren,2025,Singapore Grand Prix,18
81,Oscar Piastri,4.0,McLaren,2025,Singapore Grand Prix,18
12,Kimi Antonelli,5.0,Mercedes,2025,Singapore Grand Prix,18
16,Charles Leclerc,6.0,Ferrari,2025,Singapore Grand Prix,18
14,Fernando Alonso,7.0,Aston Martin,2025,Singapore Grand Prix,18
44,Lewis Hamilton,8.0,Ferrari,2025,Singapore Grand Prix,18
87,Oliver Bearman,9.0,Haas F1 Team,2025,Singapore Grand Prix,18
55,Carlos Sainz,10.0,Williams,2025,Singapore Grand Prix,18
6,Isack Hadjar,11.0,Racing Bulls,2025,Singapore Grand Prix,18
22,Yuki Tsunoda,12.0,Red Bull Racing,2025,Singapore Grand Prix,18
18,Lance Stroll,13.0,Aston Martin,2025,Singapore Grand Prix,18
23,Alexander Albon,14.0,Williams,2025,Singapore Grand Prix,18
30,Liam Lawson,15.0,Racing Bulls,2025,Singapore Grand Prix,18
43,Franco Colapinto,16.0,Alpine,2025,Singapore Grand Prix,18
5,Gabriel Bortoleto,17.0,Kick Sauber,2025,Singapore Grand Prix,18
31,Esteban Ocon,18.0,Haas F1 Team,2025,Singapore Grand Prix,18
10,Pierre Gasly,19.0,Alpine,2025,Singapore Grand Prix,18
27,Nico Hulkenberg,20.0,Kick Sauber,2025,Singapore Grand Prix,18
1,Max Verstappen,1.0,Red Bull Racing,2025,United States Grand Prix,19
4,Lando Norris,2.0,McLaren,2025,United States Grand Prix,19
16,Charles Leclerc,3.0,Ferrari,2025,United States Grand Prix,19
44,Lewis Hamilton,4.0,Ferrari,2025,United States Grand Prix,19
81,Oscar Piastri,5.0,McLaren,2025,United States Grand Prix,19
63,George Russell,6.0,Mercedes,2025,United States Grand Prix,19
22,Yuki Tsunoda,7.0,Red Bull Racing,2025,United States Grand Prix,19
27,Nico Hulkenberg,8.0,Kick Sauber,2025,United States Grand Prix,19
87,Oliver Bearman,9.0,Haas F1 Team,2025,United States Grand Prix,19
14,Fernando Alonso,10.0,Aston Martin,2025,United States Grand Prix,19
30,Liam Lawson,11.0,Racing Bulls,2025,United States Grand Prix,19
18,Lance Stroll,12.0,Aston Martin,2025,United States Grand Prix,19
12,Kimi Antonelli,13.0,Mercedes,2025,United States Grand Prix,19
23,Alexander Albon,14.0,Williams,2025,United States Grand Prix,19
31,Esteban Ocon,15.0,Haas F1 Team,2025,United States Grand Prix,19
6,Isack Hadjar,16.0,Racing Bulls,2025,United States Grand Prix,19
43,Franco Colapinto,17.0,Alpine,2025,United States Grand Prix,19
5,Gabriel Bortoleto,18.0,Kick Sauber,2025,United States Grand Prix,19
10,Pierre Gasly,19.0,Alpine,2025,United States Grand Prix,19
55,Carlos Sainz,20.0,Williams,2025,United States Grand Prix,19
4,Lando Norris,1.0,McLaren,2025,Mexico City Grand Prix,20
16,Charles Leclerc,2.0,Ferrari,2025,Mexico City Grand Prix,20
1,Max Verstappen,3.0,Red Bull Racing,2025,Mexico City Grand Prix,20
87,Oliver Bearman,4.0,Haas F1 Team,2025,Mexico City Grand Prix,20
81,Oscar Piastri,5.0,McLaren,2025,Mexico City Grand Prix,20
12,Kimi Antonelli,6.0,Mercedes,2025,Mexico City Grand Prix,20
63,George Russell,7.0,Mercedes,2025,Mexico City Grand Prix,20
44,Lewis Hamilton,8.0,Ferrari,2025,Mexico City Grand Prix,20
31,Esteban Ocon,9.0,Haas F1 Team,2025,Mexico City Grand Prix,20
5,Gabriel Bortoleto,10.0,Kick Sauber,2025,Mexico City Grand Prix,20
22,Yuki Tsunoda,11.0,Red Bull Racing,2025,Mexico City Grand Prix,20
23,Alexander Albon,12.0,Williams,2025,Mexico City Grand Prix,20
6,Isack Hadjar,13.0,Racing Bulls,2025,Mexico City Grand Prix,20
18,Lance Stroll,14.0,Aston Martin,2025,Mexico City Grand Prix,20
10,Pierre Gasly,15.0,Alpine,2025,Mexico City Grand Prix,20
43,Franco Colapinto,16.0,Alpine,2025,Mexico City Grand Prix,20
55,Carlos Sainz,17.0,Williams,2025,Mexico City Grand Prix,20
14,Fernando Alonso,18.0,Aston Martin,2025,Mexico City Grand Prix,20
27,Nico Hulkenberg,19.0,Kick Sauber,2025,Mexico City Grand Prix,20
30,Liam Lawson,20.0,Racing Bulls,2025,Mexico City Grand Prix,20
4,Lando Norris,1.0,McLaren,2025,São Paulo Grand Prix,21
12,Kimi Antonelli,2.0,Mercedes,2025,São Paulo Grand Prix,21
1,Max Verstappen,3.0,Red Bull Racing,2025,São Paulo Grand Prix,21
63,George Russell,4.0,Mercedes,2025,São Paulo Grand Prix,21
81,Oscar Piastri,5.0,McLaren,2025,São Paulo Grand Prix,21
87,Oliver Bearman,6.0,Haas F1 Team,2025,São Paulo Grand Prix,21
30,Liam Lawson,7.0,Racing Bulls,2025,São Paulo Grand Prix,21
6,Isack Hadjar,8.0,Racing Bulls,2025,São Paulo Grand Prix,21
27,Nico Hulkenberg,9.0,Kick Sauber,2025,São Paulo Grand Prix,21
10,Pierre Gasly,10.0,Alpine,2025,São Paulo Grand Prix,21
23,Alexander Albon,11.0,Williams,2025,São Paulo Grand Prix,21
31,Esteban Ocon,12.0,Haas F1 Team,2025,São Paulo Grand Prix,21
55,Carlos Sainz,13.0,Williams,2025,São Paulo Grand Prix,21
14,Fernando Alonso,14.0,Aston Martin,2025,São Paulo Grand Prix,21
43,Franco Colapinto,15.0,Alpine,2025,São Paulo Grand Prix,21
18,Lance Stroll,16.0,Aston Martin,2025,São Paulo Grand Prix,21
22,Yuki Tsunoda,17.0,Red Bull Racing,2025,São Paulo Grand Prix,21
44,Lewis Hamilton,18.0,Ferrari,2025,São Paulo Grand Prix,21
16,Charles Leclerc,19.0,Ferrari,2025,São Paulo Grand Prix,21
5,Gabriel Bortoleto,20.0,Kick Sauber,2025,São Paulo Grand Prix,21
